word,count
I,6486
The,5042
It,3054
But,2665
This,2500
In,1988
A,1688
If,1359
Descartes,1289
We,1241
There,1196
For,914
God,772
What,736
He,672
Plato,656
One,574
Aristotle,477
So,475
However,452
That,439
Socrates,405
As,388
To,382
They,381
These,379
Some,369
B,360
On,334
Thus,300
P,294
Moreover,290
Press,287
Nietzsche,276
X,270
Greek,269
University,262
When,253
At,244
Here,224
Cambridge,220
S,207
Greeks,207
Indeed,207
See,205
Board,198
Even,197
Kant,196
Of,195
An,195
Oxford,189
Williams,188
Chapter,185
How,184
Now,175
Strawson,175
Such,175
First,171
All,169
And,168
Republic,167
Philosophy,162
Yet,161
London,161
Rawls,156
VII,152
Hare,149
His,146
With,138
New,135
Those,131
Wittgenstein,130
Kantian,125
Sidgwick,124
Second,119
Meditation,116
Since,116
Homer,115
Hume,115
Ethics,115
Nature,114
No,110
Utilitarianism,110
Moore,110
State,108
Collingwood,108
York,107
Moral,107
Perhaps,106
Nor,105
Let,103
Suppose,102
My,102
Is,102
Act,101
V,101
John,100
Dr,100
Theory,99
Sincerity,99
Cartesian,98
Court,96
Why,95
Not,94
Homeric,92
While,91
Another,90
Rousseau,90
Many,90
More,88
C,87
Rather,87
E,86
Thucydides,84
Pure,84
T,84
Doubt,82
Or,82
Nagel,82
Christian,79
Our,77
Ayer,77
British,77
By,76
Utilitarian,75
Then,74
II,74
Charles,74
Mr,73
Meditations,72
Agamemnon,72
Again,72
English,72
Certainly,71
From,71
Philosophical,70
III,70
Truth,70
Hence,69
Accuracy,69
Y,69
You,68
Its,68
Human,67
Aristotelian,66
IV,66
Although,65
K,65
Christianity,64
Il,64
Herodotus,64
Smart,64
Granted,63
Cf,62
Parmenides,62
F,62
United,62
Part,61
Method,60
Science,60
Theaetetus,59
Publications,59
Thrasymachus,59
Cratylus,59
Law,58
Morality,58
David,58
Principle,58
Other,57
Once,57
Smith,57
Good,57
N,57
Ajax,56
Rorty,56
Discourse,56
George,56
People,55
Sophocles,54
Oedipus,54
Obscene,54
States,54
Odysseus,53
Western,53
Platonic,53
Someone,53
Justice,52
Achilles,51
Association,51
THE,51
Third,51
Q,51
Thomas,50
Berkeley,50
Can,50
Socratic,50
Consider,50
Wiggins,49
Si,49
History,49
Because,49
Euripides,49
Principles,49
Lord,49
Enquiry,48
Any,48
Acts,48
Jones,48
Society,47
Film,47
Mill,47
Leibniz,47
Enquirer,46
Gorgias,46
Where,46
Committee,46
Whether,46
Protagoras,45
Both,45
Book,45
World,45
Enlightenment,45
Forms,45
Nevertheless,45
Just,44
Princ,44
Snell,44
Form,44
Similarly,44
French,44
Two,44
Hegel,44
Callicles,43
Under,43
Dworkin,43
Whatever,43
Glaucon,42
Replies,42
Does,41
Mackie,41
Essays,41
Among,41
Beyond,41
Real,41
Their,40
Most,40
AND,40
She,40
Shame,40
Equally,40
Council,39
Argument,39
Gauguin,39
Critical,39
Robert,39
McDowell,39
Od,39
Mary,38
Berlin,38
Distinction,38
Richard,38
Report,38
Jim,37
Appendix,37
Though,36
R,36
Necessity,36
Michael,36
Social,36
After,36
Reason,36
Political,35
Hobbes,35
Nozick,35
Still,35
American,35
Gay,35
Meno,35
Others,35
James,35
England,34
Princeton,34
Much,34
LEG,34
Essay,33
CHAPTER,33
Further,33
Kutchinsky,33
Mind,33
Office,33
Kallias,33
Napoleon,33
VI,33
Commission,32
Iliad,32
Diderot,32
Body,32
Caligari,32
Knowledge,32
Mersenne,32
Locke,32
Ss,32
Leaving,32
Review,31
Harvard,31
House,31
MS,31
Besides,31
Frankfurt,31
Will,31
Public,31
Cesare,31
Fawkes,30
Clarendon,30
Aeschylus,30
Liberalism,30
Language,30
Ethical,30
European,30
Hector,29
OF,29
Davidson,29
Only,29
Shoemaker,29
Paul,29
Books,29
Guardians,29
Sen,28
Symposium,28
Censors,28
Are,28
Self,28
Sometimes,28
Phaedo,28
Problems,28
Tertullian,28
Before,27
Parfit,27
Minos,27
Burnyeat,27
MI,27
Government,27
Nino,27
Kenny,27
General,27
Notes,27
Hippolytus,27
Odyssey,27
Russell,27
Vlastos,27
Do,26
German,26
Clearly,26
Lady,26
Being,26
Bernard,26
Paris,26
EM,26
Tragedy,26
O,25
Man,25
Metaphysics,25
Constant,25
Stephen,25
Genealogy,25
Confessions,25
Sophist,25
Fifth,25
Police,25
Habermas,24
Having,24
Luck,24
Athens,24
Greece,24
Greater,24
Hegelian,24
Wittgensteinian,24
Each,24
California,24
Studies,24
Telemachus,24
Against,24
Athenian,23
Soul,23
Post,23
Sense,23
Rameau,23
Treatise,23
West,23
Grice,23
Fourth,23
Very,23
Galileo,23
Objections,22
Utilitarians,22
Rights,22
Metropolitan,22
February,22
Austin,22
Minister,22
Last,22
Adeimantus,22
Britain,22
Wales,22
Freedom,22
Similar,22
MacIntyre,22
Director,22
Sir,22
Zeus,22
Unless,21
November,21
Reasons,21
Action,21
May,21
Apart,21
Methods,21
White,21
Ontological,21
Hermogenes,21
Middle,21
Limits,21
Scepticism,21
Above,21
Sixth,21
View,21
Eteocles,21
War,21
Life,21
Chicago,21
Latin,20
BLD,20
Later,20
J,20
Professor,20
Thought,20
La,20
Introduction,20
Given,20
Nothing,20
Catholic,20
ZP,20
Pericles,20
Miss,20
Donald,20
Dummett,20
Politics,20
None,20
ELP,20
Figure,20
January,20
Guy,20
Something,20
Med,20
Z,20
Martin,20
Alternatively,19
Renaissance,19
Journal,19
Children,19
Pascal,19
Without,19
Values,19
SOCRATES,19
Bill,19
Evil,19
Neither,19
Blackwell,19
Modern,19
Singer,19
Shklar,19
Chorus,18
Putnam,18
Macbeth,18
Truthfulness,18
Basic,18
Obviously,18
According,18
Myles,18
Prime,18
Heracleitus,18
G,18
Dodds,18
Her,18
Secretary,18
Analysis,18
Like,18
Right,18
Well,18
Despite,18
Taylor,18
Nussbaum,18
Morals,18
Regulae,18
Owen,18
Between,18
Penguin,18
Home,18
Salisbury,18
Who,18
Parliament,17
Pornography,17
M,17
July,17
Blackburn,17
Practical,17
Benjamin,17
Levi,17
Christians,17
Church,17
Prosecutions,17
Vernant,17
Ross,17
Stuart,17
Women,17
Archimedean,17
Power,17
Phaedra,17
Peter,17
Lloyd,17
Claudia,17
Idea,16
Logic,16
Light,16
Hobbesian,16
Ronald,16
Rome,16
Roman,16
June,16
Redfield,16
Utopian,16
Principia,16
Craig,16
Denmark,16
Dover,16
Goethe,16
Persons,16
BC,16
Surely,16
Supreme,16
Was,16
Othello,16
Preface,16
Theseus,16
France,16
Finley,16
Natural,16
Critique,16
Criminal,16
Marx,16
Gassendi,16
Questions,16
Die,16
L,15
Proceedings,15
Cinematograph,15
Dilemma,15
Ideal,15
Party,15
PS,15
Harman,15
Agent,15
Judith,15
Cardinale,15
Coburn,15
Keynes,15
Faced,15
Chief,15
South,15
Vol,14
D,14
Position,14
Customs,14
Thinking,14
Ethica,14
Liberty,14
IRR,14
Sophoclean,14
William,14
Arist,14
Scanlon,14
Every,14
Arnauld,14
Therefore,14
Plurality,14
MR,14
Lecture,14
OVP,14
Recherche,14
Should,14
Tractatus,14
Relativism,14
Virtue,14
Kantianism,14
Might,14
Spinoza,14
Lucretius,14
Bennett,14
President,14
Phil,14
Alcibiades,14
Page,13
About,13
April,13
Democritus,13
Research,13
Various,13
Lectures,13
Jonathan,13
Philosophers,13
Passions,13
Appeal,13
Europe,13
Irwin,13
St,13
America,13
Relatedly,13
Within,13
Phaedrus,13
Wilson,13
Pedro,13
Adkins,13
Penelope,13
Belief,13
Montaigne,13
Hart,13
Hacker,13
Blame,13
McGinn,13
Indians,13
Nachlass,13
Nationwide,13
Festival,13
Harmondsworth,13
Problem,13
Indianapolis,13
Quite,13
Inasmuch,13
Speech,13
Medea,13
Humean,12
March,12
Responsibility,12
Teiresias,12
Barnes,12
Segal,12
King,12
PM,12
August,12
Korsgaard,12
Study,12
Original,12
Ages,12
Susan,12
Autobiography,12
Trojan,12
HR,12
Mrs,12
Manchester,12
National,12
MT,12
MA,12
TL,12
Apollo,12
Identity,12
Art,12
AA,12
Crown,12
NOTES,12
Making,12
Observer,12
Germany,12
Welfare,12
Endnote,12
Heracles,12
Religion,12
Hampshire,11
Julie,11
City,11
TLT,11
Routledge,11
Sextus,11
Frank,11
Individuals,11
Three,11
Sceptics,11
Imperative,11
Insofar,11
Sophists,11
Fear,11
Critics,11
Few,11
Ford,11
INC,11
End,11
Holmes,11
Understanding,11
Elsewhere,11
Yes,11
Eleatic,11
Fried,11
Hurley,11
El,11
Utopia,11
Daybreak,11
Geach,11
Alasdair,11
Caesar,11
Taking,11
Barrett,11
Antigone,11
Neoptolemus,11
Papers,11
Left,11
Philoctetes,11
Often,11
Macmillan,11
Literature,11
Obscenity,11
Beauchamp,11
Wagner,11
Prichard,11
Burman,11
Queen,11
Polus,11
Long,11
Wright,11
Le,11
Amartya,11
Priam,11
EV,10
Ancient,10
Instead,10
Hesiod,10
December,10
Earlier,10
Amendment,10
Nicomachean,10
De,10
Recent,10
Presocratics,10
Would,10
H,10
Spencer,10
Searle,10
Thuc,10
Lords,10
Anyone,10
Machiavelli,10
Tooley,10
Everyone,10
Foot,10
Offences,10
Central,10
Schofield,10
Cavell,10
Postscript,10
Engels,10
IO,10
Mark,10
Ibid,10
Categorical,10
Elizabeth,10
Realism,10
Liberal,10
Pol,10
Regius,10
Yaffé,10
Sartre,10
Alexander,10
Brody,10
Related,10
Prisoners,10
Broome,10
Derek,10
Reg,10
Whitehouse,10
Italy,10
Maynard,10
Reflection,10
Trilling,10
Working,10
Augustine,10
Gregory,10
Toleration,10
Kantians,10
Chapters,9
Philippa,9
Philo,9
Crito,9
Too,9
Frege,9
Correspondingly,9
Angeles,9
Finally,9
Situation,9
Conversation,9
OR,9
Luther,9
Shall,9
Brown,9
Seventh,9
Geuss,9
XI,9
Objectivity,9
Walzer,9
Project,9
Artemis,9
Physics,9
Dialogues,9
Certainty,9
Kip,9
Evolutionary,9
Could,9
Popper,9
Starobinski,9
Vagrancy,9
October,9
Aquinas,9
DK,9
Martha,9
Colonus,9
District,9
Thales,9
GI,9
Note,9
Guilt,9
Leiden,9
Maurice,9
Marcion,9
Great,9
Sullivan,9
Egypt,9
Prince,9
Period,9
GM,9
Love,9
Tetralogies,9
PI,9
Los,9
International,9
Schopenhauer,9
Gyges,9
Lesky,9
Explanations,9
Vérité,9
Exhibitors,9
Anderton,9
Hintikka,9
Bodies,9
Goods,9
Idealism,9
Street,9
Nietzschean,9
Makropulos,9
Danish,9
College,9
Chomsky,9
Moi,9
Bentham,9
Cinema,8
Conversely,8
Soho,8
Henry,8
Which,8
KNOWLEDGE,8
Films,8
Putting,8
Gibieuf,8
Mesland,8
Tragic,8
Shakespeare,8
Complex,8
Meaning,8
Goodness,8
Aviary,8
Concepts,8
Max,8
Mass,8
Gallwey,8
Marxist,8
Club,8
AS,8
WHAT,8
Fränkel,8
Sinn,8
Hackett,8
Arguments,8
Malcolm,8
Consistency,8
Athene,8
School,8
Fraenkel,8
Harrison,8
Has,8
Fontana,8
Athenians,8
OInd,8
Lui,8
PHAEDRUS,8
Affairs,8
Campbell,8
EN,8
ER,8
Legitimation,8
Edmunds,8
Edward,8
Unlike,8
SOL,8
Heracleitean,8
Abortion,8
Ignorance,8
Ryle,8
Lewis,8
Raymond,8
Oh,8
Laurence,8
PL,8
Wittgensteinians,8
Call,8
Taken,8
Karl,8
Take,8
Kegan,8
Kingdom,8
Jesuit,8
Knox,8
Richards,8
Diotima,8
Ithaca,8
Particularly,8
Democracy,8
Parker,8
Robinson,8
Pa,8
Anna,8
Reality,8
Anscombe,8
StEV,8
Humanities,8
Rape,8
Anthony,8
Cumberbatch,8
Pindar,8
Chatterley,8
Holland,8
Choice,8
Ar,8
Equality,8
Evolution,8
Lucy,8
Rational,8
Genesis,7
Dennett,7
Copenhagen,7
Examining,7
Must,7
Works,7
THEORY,7
Whereas,7
Concerning,7
Peirce,7
Warnock,7
Different,7
Traité,7
Gewirth,7
Times,7
Design,7
Newton,7
Devlin,7
Metaph,7
Cornell,7
Nicole,7
Did,7
Pears,7
Ferman,7
Tat,7
Demand,7
Fermat,7
Australia,7
Thoughts,7
Already,7
Yale,7
Possibility,7
Op,7
Free,7
Ends,7
Stoic,7
Empire,7
DPP,7
Foucault,7
Daniel,7
Election,7
AUT,7
Orwell,7
Theatres,7
Attorney,7
Stanley,7
PD,7
Subjective,7
Curley,7
Actions,7
Death,7
Obj,7
Arts,7
Wrong,7
Yeats,7
Common,7
Presumably,7
Slavery,7
Pab,7
Convention,7
Commons,7
Warren,7
Herbert,7
Broadie,7
Ch,7
Zeno,7
Quinn,7
Hegelians,7
Loraux,7
Venice,7
Humanity,7
Rationality,7
Hell,7
Boston,7
Until,7
Bertrand,7
Guthrie,7
Hyl,7
Quoted,7
Happiness,7
Twilight,7
Pythagoreans,7
Isaiah,7
Schlick,7
Gibbard,7
Violence,7
Longford,7
Homo,7
Institute,7
Invisible,7
Chairman,7
Classical,7
Inside,7
Investigations,7
Invention,7
Be,7
Behaviour,7
Rawlsian,7
References,7
Laches,7
Cause,7
Protagorean,7
Promenade,7
Men,7
Caligula,7
Victorian,7
September,7
Rubicon,7
Protestant,7
Hera,7
Universal,7
Grade,7
Reading,7
Revolution,7
Block,7
Christopher,7
Cole,7
Psychology,7
Lover,7
Academy,7
Idols,7
Calypso,6
Romans,6
Notably,6
FOUNDATIONS,6
Lastly,6
AG,6
Time,6
Sather,6
Best,6
Virtues,6
Next,6
Internal,6
Sandel,6
UO,6
Highlands,6
Camus,6
Lovelace,6
Exactly,6
Hilary,6
Norman,6
Petrarch,6
Dream,6
Explanation,6
Thucydidean,6
Sparta,6
External,6
Eysenck,6
Looked,6
Doney,6
Evans,6
Indecent,6
Zealand,6
Anfang,6
Cave,6
Dawkins,6
Royal,6
Carneades,6
SG,6
Liberals,6
Stoics,6
Origins,6
Analogy,6
Id,6
Dame,6
PART,6
Anarchy,6
Philebus,6
Bok,6
Im,6
Structure,6
Linda,6
Epistemology,6
Notre,6
Admittedly,6
Laws,6
Romilly,6
ETHICAL,6
Up,6
Suffering,6
PHILOSOPHY,6
Howard,6
Legacy,6
Cultural,6
Plut,6
Adam,6
Williamson,6
Hugh,6
Live,6
Roth,6
Birth,6
Huyghens,6
Day,6
Center,6
Pi,6
Either,6
Facts,6
Dennis,6
TO,6
Pythagorean,6
Vronsky,6
RRR,6
Mourelatos,6
Wuketits,6
Kirk,6
THREE,6
Troy,6
Four,6
Private,6
Pb,6
Quarterly,6
Clark,6
Jews,6
Reformation,6
Primary,6
Clerselier,6
Atlantic,6
Polycrates,6
WE,6
Cognitive,6
Confidence,6
Games,6
Cogito,6
Greenblatt,6
Section,6
Congress,6
GPM,6
Patroclus,6
Pyrrhonian,6
Scotland,6
Dihle,6
Past,6
Kraut,6
Michelini,6
Simon,6
Simply,6
Irony,6
Popkin,6
Protection,6
Nazi,6
Haven,6
Solon,6
Several,6
Don,6
Aristotelianism,6
Giorgione,6
Needless,6
Aristophanes,6
Needs,6
Faust,6
Son,6
MIT,6
Resentment,6
Butler,6
Nephew,6
Nestor,6
Laius,6
U,6
Walter,6
Beliefs,6
Kierkegaard,6
Schmitt,6
Goldhill,6
Civilization,6
TV,6
Hdt,6
Tyrannus,6
Circle,6
TWO,6
Geoffrey,6
Desdemona,6
Nausikaa,6
MOORE,6
Cohen,6
PAS,5
Japanese,5
Les,5
Differences,5
Rep,5
Egoism,5
Restriction,5
Own,5
East,5
Leidens,5
Leibnizian,5
Sweden,5
Double,5
Ought,5
Person,5
Interpretation,5
Persians,5
POLITICAL,5
Inventing,5
Duckworth,5
Paley,5
Perfect,5
Lattimore,5
Iphigeneia,5
Discussions,5
Paradox,5
Ireland,5
Lear,5
Italian,5
Sufficient,5
LSJ,5
Dioptric,5
Partly,5
LIBERTY,5
TJ,5
Edinburgh,5
Programme,5
Novick,5
Less,5
Helots,5
Poseidon,5
Francis,5
Portsmouth,5
Madmen,5
Harsanyi,5
Foundations,5
Formal,5
NE,5
Have,5
NagePs,5
Snowman,5
Five,5
Quebecois,5
Hecataeus,5
Question,5
Quine,5
Naturalism,5
Nauck,5
Helen,5
Ferrari,5
Acting,5
Hand,5
Scientific,5
Pyrrhonists,5
Reply,5
Gilbert,5
Prohibition,5
Merely,5
Sex,5
Glover,5
Prometheus,5
Seneca,5
Metaphysical,5
Mean,5
Prior,5
Pyrrhonism,5
Miasma,5
Gauthier,5
Grand,5
Milesians,5
Gardiner,5
Guardian,5
Presocratic,5
Future,5
Modernity,5
Nazis,5
MENO,5
Imagination,5
Sophistic,5
Zarathustra,5
Eternal,5
Howitt,5
Hunter,5
Starting,5
Statements,5
Statesman,5
Stationery,5
Ste,5
Hyatt,5
Abominable,5
IMA,5
IN,5
Philip,5
Oresteia,5
Orestes,5
Empiricus,5
Straw,5
Levett,5
Eliot,5
Strictly,5
Horwich,5
Pierre,5
Ethiopia,5
Everywhere,5
Faith,5
Sorabji,5
Newcastle,5
Hermes,5
Experience,5
Nicias,5
Hes,5
Except,5
Historical,5
Northern,5
Standards,5
Events,5
Look,5
Holbrook,5
ON,5
ONE,5
Honderich,5
OT,5
Hooker,5
Hornsby,5
Alan,5
Pba,5
Creon,5
Defence,5
Bobo,5
Catholics,5
Bruno,5
Weber,5
Welsh,5
Boucher,5
Confronted,5
Xenophon,5
Almost,5
Deciding,5
Bourdin,5
US,5
Agency,5
Xenophanes,5
Assertions,5
Candidate,5
Ancients,5
Considerations,5
Wissenschaft,5
Writers,5
Collective,5
Wilberforce,5
Aphrodite,5
Cornford,5
Van,5
Conclusions,5
Africa,5
Choephoroi,5
Vico,5
Vices,5
Altruism,5
Anderson,5
Union,5
Tk,5
Timaeus,5
Tekmessa,5
CI,5
Anything,5
Whitehead,5
Commissioner,5
Writings,5
Assen,5
Brien,5
Claus,5
Civil,5
Universe,5
Unamuno,5
Anselm,5
Watson,5
Christine,5
Authenticity,5
VIII,5
Winston,5
UHL,5
Ashanti,5
Crete,5
Bradley,5
Annas,5
Australian,5
Wingrave,5
Voltaire,5
Consequences,5
Age,5
Der,5
Calchas,5
Allais,5
Censorship,5
Amelie,5
Upon,5
Value,5
Croix,5
Winch,5
Hermann,4
FIVE,4
Majesty,4
Stirner,4
Gettier,4
Wilamowitz,4
Restrictions,4
FOUR,4
Knowing,4
ITS,4
Community,4
QUESTION,4
IS,4
Bayle,4
Hitler,4
Theognis,4
Notice,4
Southern,4
QNS,4
Eleatics,4
SENSE,4
Possible,4
Effect,4
Subjectivism,4
Official,4
Athanasius,4
Commentary,4
Egyptians,4
Salò,4
REASONS,4
Sorbonne,4
Councils,4
Antichrist,4
Gilson,4
Constitution,4
Gill,4
Christ,4
Objection,4
Proof,4
Joseph,4
Trevelyan,4
Thebes,4
IdealSpeech,4
Electra,4
Meinongian,4
OTHER,4
SCIENCE,4
Accordingly,4
MP,4
Absolute,4
OC,4
Constable,4
SEVEN,4
Place,4
Put,4
Existence,4
Bacon,4
Kemp,4
Marxism,4
Eur,4
Hyperaspistes,4
Wager,4
Freudian,4
Culture,4
Accept,4
SIX,4
Jardine,4
Rhetoric,4
Conflicts,4
Nelson,4
Aristarchus,4
Considering,4
Gambetta,4
Arrowsmith,4
Material,4
Kenneth,4
Exegesis,4
Hussey,4
Consequently,4
Jewish,4
Spinozist,4
Pbc,4
Examples,4
Conservative,4
Funeral,4
Everything,4
Thrasymachean,4
Jesuits,4
Excise,4
Crispin,4
Baker,4
Hylas,4
Names,4
Nancy,4
Conflict,4
Utopianism,4
W,4
Pyrrhonist,4
Platonism,4
Basque,4
Fragmente,4
Mamet,4
Steven,4
Munich,4
Concentrating,4
Relative,4
Mummy,4
Whitlock,4
WA,4
Norms,4
Sharples,4
Plantinga,4
North,4
Herrschaft,4
Approaches,4
Portuguese,4
Epicurean,4
Towards,4
Concept,4
Noam,4
Garnet,4
Basically,4
Jocasta,4
Pxy,4
Nias,4
Muslims,4
Erasmus,4
Pleistocene,4
Bruce,4
STYLES,4
Space,4
Unfortunately,4
Manicheanism,4
Nigel,4
Manichean,4
Pyrrhonians,4
JZ,4
Lys,4
Sexual,4
Lyons,4
Persian,4
Clinic,4
Heaven,4
Tom,4
Campaign,4
Intentions,4
Woman,4
TEN,4
Altham,4
Incarnation,4
Veyne,4
Focussed,4
Autonomy,4
Demons,4
Also,4
Discipline,4
Periclean,4
Minnesota,4
Minneapolis,4
Foley,4
Auden,4
Dem,4
Academic,4
Messenger,4
Blundell,4
PLATO,4
POINT,4
Guinea,4
Cicero,4
Clockwork,4
PP,4
Skeptics,4
PRACTICAL,4
Meteors,4
Letters,4
Delphi,4
HF,4
Following,4
Perspectives,4
Synopsis,4
Sciences,4
Romantic,4
Reform,4
Harper,4
Individual,4
Roosevelt,4
Dialogue,4
Alembert,4
Claim,4
Recurrence,4
Schneewind,4
Table,4
Development,4
Umwelt,4
Patrick,4
Brandom,4
Albert,4
Classicists,4
Detienne,4
Rosenblum,4
Harry,4
Michel,4
Young,4
Contrary,4
Lee,4
TRUTH,4
Word,4
Words,4
Legal,4
Denning,4
Denniston,4
Allen,4
Leg,4
Pennsylvania,4
Findlay,4
Carl,4
Contrast,4
Peloponnesian,4
Aulis,4
Cleanthes,4
Room,4
Tarski,4
Alfred,4
Brian,4
PPE,4
Wotan,4
Menschen,4
Judgements,4
Bible,4
Contemporary,4
Grace,4
Ionia,4
Tetralogy,4
Collected,4
Seen,4
Precisely,4
Sec,4
Living,4
Julia,4
Supplement,4
Chancellor,4
Greatest,4
Dutch,4
Mensch,4
Illusion,4
Orange,4
Wallace,4
Skinner,4
Fragility,4
Practice,4
Bentley,4
NINE,4
Promethean,4
Ideology,4
Toulmin,4
Animals,4
ETT,4
Housman,4
Early,4
Open,4
Ramsey,4
Bi,4
Using,4
Gorg,4
Federation,4
Christina,4
Presented,4
Gresham,4
Monde,4
Anaxagoras,4
Cmnd,4
Gregor,4
Helene,4
Imagine,4
Somebody,4
Dreamers,4
Gricean,4
Greenwich,4
Doubtless,4
Mere,4
Cockburn,4
Lies,4
Lichtenberg,4
Year,4
Runciman,4
Melian,3
Melesias,3
Agents,3
Repeatedly,3
Pro,3
Proc,3
Meiklejohn,3
Skorupski,3
Samarra,3
Construction,3
Wamock,3
Conspiracy,3
Context,3
Chanut,3
Proceeding,3
Singapore,3
Karenina,3
Repeal,3
Skepticism,3
McTaggart,3
Holy,3
Baconian,3
Friends,3
René,3
Holocaust,3
Methuen,3
Burke,3
Medon,3
Menelaus,3
Media,3
Meegeren,3
Meeting,3
Homme,3
Prohibited,3
Flèche,3
Authorities,3
Renewing,3
Samos,3
Character,3
Butt,3
BERNARD,3
Slaves,3
Town,3
Contract,3
Kamerbeek,3
Hirschman,3
Consultative,3
Memory,3
Hollingdale,3
Desiring,3
WP,3
Regarded,3
Hellenistic,3
Little,3
Schauer,3
Briinnhilde,3
LINGUISTIC,3
Cognitivism,3
Green,3
Views,3
Helga,3
Linguistic,3
Raven,3
Trustworthiness,3
Griffith,3
Secretaries,3
Coleman,3
Colin,3
Secondly,3
Bia,3
Henri,3
Columbia,3
Goldman,3
Louis,3
Kurtz,3
Helvétius,3
Raphael,3
Local,3
Select,3
Chronicles,3
Gould,3
Chrysippus,3
True,3
Churchland,3
Limited,3
Liberation,3
Baier,3
Harcourt,3
Reference,3
Reeve,3
Hamlet,3
Hans,3
Laqueur,3
Hayden,3
Hawthorn,3
Lenin,3
Larissa,3
Boyer,3
Harold,3
Lawyers,3
Clarke,3
Verrall,3
Bouchard,3
Hacking,3
Heidegger,3
HISTORY,3
Cicadas,3
Gwil,3
Ts,3
Scythians,3
Bodily,3
HAVE,3
Reflecting,3
Clifford,3
HM,3
Realist,3
Brave,3
Schiffer,3
Haack,3
Reasoning,3
Going,3
Godwin,3
Lutheran,3
Px,3
Abbé,3
Marquis,3
Brutus,3
Galen,3
Margaret,3
Marcus,3
Sandro,3
WILLIAMS,3
Manson,3
Mansfield,3
Tradition,3
Kitson,3
Manifestly,3
Conceptual,3
Punishment,3
Connected,3
RELATIVISM,3
Samuel,3
Youth,3
Hippocratic,3
Fundamental,3
Simplicius,3
Maybe,3
Furley,3
Hipp,3
Marxists,3
Conrad,3
Charron,3
Burge,3
Silk,3
Publishing,3
Hill,3
Geertz,3
Basle,3
Sherlock,3
REASON,3
Believe,3
Voigt,3
UN,3
Broadcasting,3
METAPHYSICS,3
Reidel,3
Benardete,3
Genealogie,3
Sentences,3
Glaukon,3
Glaukos,3
REFLECTION,3
Commentaire,3
Christi,3
Gibbens,3
Belgium,3
Service,3
MORALITY,3
Behind,3
Beginning,3
Knuller,3
Vorsokratiker,3
Herodotean,3
Princess,3
Magic,3
Geometry,3
Relation,3
Bateson,3
Sarah,3
Relations,3
China,3
Principal,3
Mortal,3
Harvey,3
Symbol,3
Emilia,3
Emotion,3
Number,3
Interestingly,3
PV,3
Unger,3
Apology,3
Theogony,3
Empson,3
Encounter,3
Stockholm,3
CQ,3
Pj,3
DNA,3
Enemies,3
Emerson,3
Divided,3
IX,3
Wollheim,3
Obligation,3
Willink,3
Islam,3
Ej,3
Dark,3
Antiquity,3
PREJUDICE,3
Story,3
Picot,3
Picture,3
Isocrates,3
ORC,3
Urmson,3
Divine,3
Enforcement,3
Enforcing,3
Theories,3
PCR,3
Jacob,3
Whorf,3
Pleasure,3
Thetis,3
Nicholas,3
Jacobins,3
Jacques,3
Causation,3
Newtonian,3
CONVERGENCE,3
SHAME,3
Dispositions,3
Pac,3
Pacific,3
ARCHIMEDEAN,3
Jack,3
System,3
Enough,3
Wiener,3
Planning,3
Enid,3
AN,3
Theorists,3
Stevens,3
Dissociation,3
INSTITUTION,3
YCS,3
JHS,3
Systems,3
Noble,3
Nobel,3
Epikaste,3
Darwinism,3
Structures,3
Argos,3
Observations,3
Deed,3
PECULIAR,3
Oscar,3
Russian,3
EGP,3
EIGHT,3
Supp,3
ELEVEN,3
Wistrich,3
Origin,3
Andrew,3
Ionian,3
Ordinary,3
Robertson,3
Sunday,3
Tetral,3
Supplementary,3
Imaginary,3
Amsterdam,3
Intuition,3
Drama,3
Immoralist,3
Dray,3
Analytical,3
Intuitionism,3
Owe,3
Otherwise,3
Roberval,3
Test,3
Over,3
Anaximander,3
Out,3
Wouldn,3
Sun,3
Summa,3
Amphiaraus,3
Subjects,3
Substance,3
Sx,3
Dogmatism,3
Academics,3
Rl,3
Days,3
Subject,3
Oliver,3
Absolutism,3
Ideas,3
Wingraves,3
Ode,3
Roger,3
Das,3
Old,3
Editors,3
Deianeira,3
Imperatives,3
Decisions,3
Decision,3
Case,3
Teutonic,3
Unmodern,3
Dordrecht,3
Deceit,3
Castaneda,3
Americans,3
Eastern,3
Irrational,3
Winter,3
Zur,3
Robin,3
Pléiade,3
Jacqueline,3
Writing,3
Accepting,3
Morris,3
Pasolini,3
Fanny,3
Morgenbesser,3
Dick,3
Corresponding,3
Moors,3
Particular,3
Soph,3
Judgement,3
Pragmatism,3
Fate,3
Father,3
TURN,3
Morse,3
Cottingham,3
Cornwall,3
VALUE,3
Soviet,3
Tier,3
Portman,3
Independence,3
Werke,3
Tim,3
FREEDOM,3
Digest,3
Indian,3
Postal,3
Hudson,3
Josipovici,3
Work,3
Fact,3
Coronet,3
Alcidamas,3
Murray,3
Contrasted,3
Mirror,3
Inquiry,3
Figaro,3
Infanticide,3
Minds,3
Desire,3
Pausanias,3
Prevention,3
Miller,3
Firth,3
Honour,3
Primo,3
Honoré,3
Inference,3
Sodom,3
Pretending,3
Federal,3
Requirement,3
Horton,3
Di,3
Prejudice,3
TWELVE,3
CA,3
Attempts,3
Solidarity,3
Cooper,3
Tolerance,3
Ferrara,3
Albrecht,3
Tanner,3
Abraham,3
Solicitor,3
Abrams,3
Row,3
Underground,3
Articles,3
Wheare,3
Hylomorphism,3
Panthéon,3
Arthur,3
Squad,3
Nations,3
Paradoxes,3
Pangloss,3
Jennifer,3
COLLINGWOOD,3
Aeschylean,3
Everyday,3
Criminology,3
Evidence,3
Naturally,3
Croesus,3
Asia,3
Nec,3
Rhet,3
Héloïse,3
Nect,3
Poetry,3
Necessary,3
Standard,3
Demosthenes,3
Ted,3
Palsgraf,3
Jean,3
CONCEPT,3
Adorno,3
Euripidean,3
ARISTOTLE,3
Evidently,3
Terror,3
Job,3
NATURE,3
Humphreys,3
Popular,3
Cranston,3
Population,3
Cratylan,3
Poor,3
Popperian,3
Myth,3
Adult,3
Assertion,3
Centres,3
Certain,3
Rev,3
THINK,3
Ex,3
Ag,3
Throughout,3
Interest,2
Intentionality,2
Roland,2
Interesting,2
Inquiries,2
Innocence,2
Verdi,2
Verdenius,2
Languages,2
Laomedon,2
Intention,2
Internet,2
LXXI,2
Lake,2
Insight,2
Roles,2
Inquisition,2
Canada,2
Integrity,2
LXXXV,2
Use,2
Romanticism,2
Roderick,2
Introductory,2
LXXVI,2
Brandwood,2
Lateiner,2
Instances,2
Calliclean,2
Labour,2
LXXV,2
Candide,2
Laertius,2
Breazeale,2
Verification,2
Vermazen,2
Reports,2
LXII,2
Burkert,2
CJ,2
Restricting,2
Jordan,2
Jonsen,2
Kaufmann,2
Kebriones,2
Returning,2
Joan,2
Kent,2
Jew,2
Kepler,2
Jellicoe,2
Kermode,2
Killing,2
Kinematograph,2
Vatican,2
Jaynes,2
Jay,2
Kiq,2
Responsible,2
Response,2
Calder,2
Branch,2
XIV,2
Representation,2
Byington,2
Buxton,2
Representatives,2
Reprinted,2
Jürgen,2
Bushnell,2
Bury,2
Byzantine,2
Burrow,2
Valckenaer,2
Julius,2
Burnett,2
Kap,2
Rerum,2
Judge,2
Karenin,2
Juan,2
Vatier,2
Kiss,2
Jane,2
Utopians,2
Broad,2
Kreisel,2
Kreuz,2
Irrationality,2
Regulations,2
Ironic,2
Regret,2
Irish,2
Bristol,2
Iris,2
Körner,2
Brisson,2
LAW,2
Useful,2
Briseis,2
Ion,2
LIBERALISM,2
Regan,2
Calcutta,2
Cabinet,2
Kraus,2
Isaac,2
Kahn,2
Kitto,2
Jacobin,2
JUSTICE,2
Riesman,2
CP,2
Knight,2
Itself,2
Brooklyn,2
Koenigsberg,2
Kovacs,2
Rejection,2
Korea,2
Utilitarianly,2
Issues,2
Issue,2
Isoc,2
Ismene,2
Ritual,2
Bronze,2
Me,2
Braithwaite,2
ARE,2
Archaiognosia,2
Plays,2
Please,2
Plempius,2
Nic,2
Archery,2
Newnham,2
Newman,2
Never,2
Neale,2
Ares,2
Nehamas,2
Negro,2
Negative,2
Whiggish,2
Whichever,2
Necv,2
Point,2
Whorfian,2
Platonist,2
Whose,2
Nixon,2
Apel,2
OGT,2
OED,2
Wilde,2
Apollonius,2
Nuremberg,2
Nub,2
ADDITIONAL,2
Nous,2
Appendices,2
Notoriously,2
Applying,2
Arc,2
Whyte,2
Platonically,2
Nonetheless,2
Non,2
Near,2
Armstrong,2
Ap,2
Motivation,2
Assistant,2
Pornotopia,2
Murdoch,2
Murderers,2
Assume,2
Possessions,2
AT,2
Moving,2
Motivated,2
Points,2
Mothers,2
Wells,2
Powell,2
Moses,2
Pp,2
Morin,2
Moran,2
Moralism,2
Wertheimer,2
Pornographic,2
Mysticism,2
Mythe,2
Natura,2
Article,2
Wrongs,2
Asclepius,2
Politicians,2
Nachleben,2
Ash,2
NY,2
NOTE,2
Politicus,2
Politik,2
Pollution,2
Asking,2
Aspects,2
Polyneices,2
Assenting,2
Méthode,2
Wiley,2
Anyway,2
Moon,2
Alvin,2
Paralogisms,2
Woods,2
Permanent,2
Pains,2
Paine,2
Personal,2
Personality,2
Paa,2
Personally,2
Wittgensteinianism,2
PUFF,2
Wolmar,2
Persuasion,2
Peru,2
PRIMITIVE,2
Am,2
Pettit,2
Wolfenden,2
Perception,2
Peoria,2
Wordsworth,2
Parliamentary,2
Pcc,2
Albany,2
Peace,2
Peacocke,2
Albin,2
Patricia,2
Peculiar,2
Peircean,2
Alexandrian,2
Pelagian,2
Alf,2
Parts,2
Worlds,2
Particle,2
Allan,2
Parsons,2
Parolles,2
PLACE,2
Ph,2
Pilgrimage,2
Ann,2
Philosophiae,2
Anima,2
Animalium,2
Philosophische,2
Omissions,2
Olympian,2
Phlogiston,2
Phoenix,2
Annan,2
PHILOSOPHICAL,2
Offensiveness,2
Anne,2
Physical,2
Antiphon,2
Pickering,2
Obey,2
Antony,2
Antwort,2
Wirklichkeit,2
Philosopher,2
Wisdom,2
Zygotic,2
PhD,2
Amélie,2
PBA,2
Analytic,2
Phaiakians,2
Oz,2
ABOUT,2
Anatomy,2
Phenomenological,2
Phenomenology,2
Oshima,2
Ak,2
Andre,2
Philemon,2
Andromache,2
Ordinarily,2
Phillips,2
Moorean,2
Pragmatismus,2
Laura,2
Biancamaria,2
Lovibond,2
Bergmann,2
Raiffa,2
Bertin,2
Beruf,2
Berwick,2
Virginia,2
Ran,2
Logos,2
Listeners,2
Rapist,2
Vinctus,2
Loeb,2
Bibliography,2
Liverpool,2
Bills,2
Viewing,2
Literary,2
Lowell,2
Luban,2
Luce,2
RESENTMENT,2
Voluntary,2
Beck,2
Macdonald,2
Volume,2
Beeckman,2
Quentin,2
MV,2
Belfast,2
MO,2
MM,2
Belvedere,2
READING,2
REALITY,2
Bendall,2
Lying,2
Lycians,2
Lyc,2
Listening,2
Biology,2
Mafia,2
Recognizing,2
Reasonable,2
Leo,2
Leid,2
Legrand,2
Rechtstaat,2
Recognising,2
Verstehen,2
Boyars,2
Leeds,2
Lisa,2
Recoiling,2
Reconciliation,2
Leave,2
Learning,2
Bradford,2
Lay,2
Lawyer,2
Lawrence,2
Born,2
Bormann,2
Bonnie,2
Bond,2
Line,2
Bishop,2
Viewers,2
Bk,2
Black,2
Lima,2
Victorians,2
Reaction,2
Library,2
Bloom,2
Bloomsbury,2
Blumenberg,2
Readers,2
Readership,2
Leviathan,2
Victor,2
Letter,2
Machiavellian,2
Pythian,2
Montesquieu,2
BBFC,2
Mi,2
Authority,2
Printers,2
Avon,2
Wars,2
Axelrod,2
Prize,2
Wanting,2
Professional,2
Mellor,2
Merit,2
Professionals,2
BGE,2
BIBLIOGRAPHY,2
Progressivist,2
Memorial,2
Walcot,2
Members,2
Midwest,2
Waynflete,2
Milesian,2
Ways,2
Montefiore,2
Atreus,2
Preference,2
Preferences,2
Monist,2
Momigliano,2
Prescriptivism,2
Attic,2
Attitudes,2
Attributes,2
Mlle,2
Weeds,2
Price,2
Webster,2
Millian,2
Weakness,2
Primitive,2
Member,2
Promising,2
Make,2
Zettel,2
Bandura,2
Marvelous,2
Marshall,2
Purity,2
Baron,2
Marianne,2
Margolis,2
Barthes,2
Pylos,2
Proposals,2
Pyrrho,2
Basil,2
Malthus,2
WAS,2
Malinowski,2
Pyth,2
Malesherbes,2
Malebranche,2
Master,2
WITTGENSTEIN,2
Mathematica,2
Matter,2
Propositions,2
Wahrheit,2
Prospero,2
Meeks,2
Meegerens,2
Mediterranean,2
Bacchae,2
Bacharach,2
Protarchus,2
Measurement,2
Information,2
McKirahan,2
Prudence,2
Baillet,2
Bakst,2
Balfour,2
Psychological,2
Rosenmeyer,2
Calvinist,2
GA,2
Consequentialism,2
Significance,2
GREEK,2
Trachis,2
GLC,2
Trachiniai,2
Connor,2
Fustel,2
Furthermore,2
Simple,2
Siegmund,2
Ackrill,2
Consideration,2
Sinnlose,2
Friedrich,2
Fricka,2
Freud,2
Freedman,2
Franz,2
Gabriele,2
Gaiety,2
Heart,2
Conclusion,2
Compatibly,2
Competition,2
Traditionally,2
Sheridan,2
Shipp,2
Conception,2
Concern,2
Traditional,2
Gaskin,2
Sidney,2
Condition,2
Showing,2
Garton,2
Conditions,2
Sicherl,2
Gallup,2
Sicily,2
Ackerman,2
Franklin,2
Toward,2
Six,2
Control,2
Your,2
Soc,2
Contractualism,2
Tooby,2
Fitzgerald,2
Fitness,2
Socialists,2
Fiss,2
Filling,2
Frankena,2
Socratism,2
Fictions,2
Fictional,2
Fewer,2
Cor,2
Solider,2
Solipsism,2
Fellow,2
Snow,2
Fness,2
Smoking,2
Folk,2
Constantine,2
Francisco,2
Frage,2
Frag,2
Consul,2
Found,2
Fotion,2
Fortunately,2
Forster,2
Formulations,2
Formless,2
Content,2
Slt,2
Contingency,2
Smikrion,2
Continuity,2
Smiths,2
Compare,2
Sexuality,2
Germans,2
Guild,2
Hagen,2
HSCP,2
Screen,2
Trying,2
Seanor,2
Search,2
Truths,2
Closely,2
Gueroult,2
Coercion,2
Guelincx,2
Closer,2
Clytemnestra,2
Cmd,2
Groups,2
Group,2
Groundwork,2
Griffiths,2
Turning,2
Hall,2
Hamilton,2
Tutankhamen,2
Schilpp,2
Heal,2
Cities,2
Claims,2
Clara,2
Harvester,2
Hartog,2
Harrod,2
Classics,2
Harms,2
Harming,2
Harmful,2
Tycho,2
Scholars,2
Schools,2
Schopenhauerian,2
Hanna,2
Griffin,2
Achaian,2
Communication,2
Series,2
Gods,2
Coming,2
Goal,2
Sensation,2
Senses,2
Commentators,2
Septem,2
Trevor,2
Gilligan,2
Trust,2
Commissioners,2
Services,2
Ghana,2
Trends,2
Gestaltist,2
Seth,2
Seven,2
Geschichte,2
Golden,2
Colvius,2
Semantics,2
Selves,2
Achillean,2
Seeing,2
Greatness,2
Seeking,2
Grant,2
Grandy,2
Grammar,2
Sefton,2
Gottlieb,2
Selected,2
Selection,2
Selections,2
Collins,2
Gorcum,2
Goody,2
Goodman,2
Gomme,2
Feldman,2
Feature,2
Façons,2
Durkheim,2
ESSAYS,2
Sunstein,2
Supernatural,2
Deduction,2
Deductive,2
Suppes,2
EFFECTS,2
Suppl,2
During,2
Terms,2
Durham,2
Testament,2
Suppression,2
Dubiety,2
Dreams,2
Survey,2
Dreaming,2
Defended,2
Suggested,2
Sue,2
Text,2
Debeaune,2
Elbow,2
Theater,2
Einziger,2
Eigenthum,2
Daston,2
Thanks,2
Egyptian,2
Thames,2
Davidsonian,2
Ego,2
Submissions,2
Education,2
Dazu,2
Substances,2
Substantial,2
Economic,2
Ecce,2
Douglas,2
Doing,2
Eleanor,2
Diamond,2
Departmental,2
Difficulty,2
TLTb,2
Differently,2
Taplin,2
Desargues,2
TRUTHFULNESS,2
TS,2
Dialectic,2
Tempest,2
Description,2
Tahiti,2
Deutscher,2
Deutsch,2
Tango,2
Designation,2
Details,2
Tancock,2
Deo,2
Denys,2
Dinet,2
THIRTEEN,2
Syme,2
Deliberation,2
Divisional,2
Division,2
Delta,2
Distributors,2
Synthese,2
Disservice,2
Displays,2
Telamon,2
TAPA,2
Discussion,2
Discussing,2
Disagreement,2
Direct,2
Diomedes,2
Diogenes,2
Elea,2
Dannhauser,2
XXVIII,2
Spirit,2
Xen,2
Spare,2
Courts,2
Expressed,2
Spartan,2
Exorcist,2
Exit,2
Examiner,2
Everyman,2
Staden,2
Ever,2
Critic,2
Euthyphro,2
Sprache,2
Square,2
Eurymachus,2
Europeans,2
Criticism,2
FG,2
FGH,2
FIFTEEN,2
FOR,2
Somewhere,2
Fascist,2
Far,2
Fantasy,2
Family,2
Familie,2
Cortez,2
Cosmides,2
Tirèsias,2
Fall,2
Timothy,2
Sorites,2
Country,2
Faber,2
FURTHER,2
FROM,2
FOURTEEN,2
Thomson,2
Euben,2
Elements,2
DIALOGUES,2
Stepping,2
Steps,2
DESCARTES,2
Stewart,2
Enigmas,2
Stich,2
Stick,2
Sticking,2
Theorem,2
Standing,2
Encyclopedia,2
Encyclopdie,2
Emperor,2
Theog,2
Emergence,2
Stough,2
Theodorus,2
Stravinsky,2
Epicureans,2
Epicurus,2
Equal,2
DANGLE,2
Cross,2
Eth,2
Cultures,2
Current,2
Stanton,2
Essence,2
Cyclops,2
Yorker,2
Error,2
Statement,2
Thing,2
Ernest,2
Erinys,2
Erechtheus,2
Erechtheum,2
Statman,2
Status,2
Schiller,2
Sherry,2
Aesch,2
Sceptic,2
Hopkins,2
Santa,2
Chap,2
Impressed,2
SFI,2
Christmas,2
Heterosexual,2
Scandinavian,2
Heyd,2
Casey,2
SEVENTEEN,2
Helping,2
Unsolicited,2
Inaugural,2
Identifies,2
Ultimately,2
Hicklin,2
Incidentally,2
Hellenic,2
Sabina,2
Chance,2
High,2
USA,2
Scheffler,2
Rêveries,2
INTRODUCTION,2
Roy,2
SOCRATIC,2
Illusions,2
Cartesianism,2
SIXTEEN,2
UK,2
Immortality,2
Unjust,2
Hero,2
Hermippus,2
Honig,2
Saint,2
Impartiality,2
Choices,2
Sainsbury,2
Implicatures,2
Herman,2
Homerischen,2
Cho,2
Heroes,2
Chandoux,2
UNESCO,2
SINCERITY,2
Implicit,2
Saul,2
ILLEG,2
Unfairness,2
SITUATION,2
Santayana,2
Importance,2
Say,2
Hypothetical,2
Important,2
IRA,2
Changes,2
IT,2
Certitude,2
SCPR,2
Heideggerian,2
Humanistic,2
Tyrants,2
Humanism,2
Independent,2
Certificate,2
Century,2
San,2
Hippocrates,2
Idealization,2
Uncertainty,2
Categories,2
Untimely,2
Cards,2
Inequality,2
Idealist,2
Aeneid,2
Centre,2
IVF,2
Heilige,2
Salt,2
Cited,2
Hec,2
Heine,2
Sameness,2
Inferences,2
Humanist,2
Husserl,2
Historiography,2
Hogg,2
Held,2
Ian,2
Utamaro,1
Richmond,1
Ricks,1
SELF,1
Stocker,1
Pity,1
Whiten,1
Pittacus,1
SGx,1
Stoicism,1
SHAKESPEARE,1
Theologiae,1
Star,1
Stone,1
Wild,1
Pitkin,1
SCM,1
Poems,1
Pno,1
Unemployment,1
Whitby,1
Pna,1
Pmn,1
Pm,1
Thinkers,1
Think,1
Pluralism,1
Things,1
Pluribus,1
Pkk,1
Thin,1
Plots,1
Plotinus,1
Wiene,1
Platons,1
Undoubtedly,1
Planned,1
Theorising,1
Wiedemann,1
Ring,1
Platonists,1
Thersites,1
Steigerung,1
Steiner,1
Zukunft,1
Utility,1
Stem,1
Riga,1
Stendhal,1
Wie,1
Stephan,1
Stephanus,1
Thersitcan,1
Unfree,1
Platts,1
Stefan,1
XLV,1
Whole,1
Theology,1
Whitrow,1
SGa,1
Xerxes,1
Station,1
Ricoeur,1
Unforgiven,1
Rieff,1
Unified,1
Thessalians,1
Rise,1
Thesm,1
SEX,1
Stillinger,1
Theoria,1
Plaut,1
Steadiness,1
Plain,1
Steadying,1
Plausible,1
Verlag,1
SIGNIFICANTLY,1
Rib,1
Zitronen,1
Werner,1
Tieren,1
Portentous,1
Soy,1
Spain,1
Porson,1
Underlying,1
Poroi,1
Spanish,1
Reversal,1
VERITATE,1
Revised,1
Populousness,1
SOLITARY,1
Werther,1
Spartiate,1
Tied,1
Ti,1
Spartiates,1
Speakers,1
Speaking,1
Species,1
Spectator,1
Revision,1
Pope,1
Understand,1
Reveries,1
Sovereign,1
Polyphemus,1
Potential,1
Zionist,1
Welcome,1
Titanic,1
Retail,1
Rethinking,1
Welfarism,1
Retribution,1
Sophokles,1
STYLE,1
Timon,1
STUD,1
Sorrows,1
STRAWSON,1
SOMETHING,1
Reus,1
Source,1
Posters,1
Sources,1
Welt,1
Weltauffassung,1
STATE,1
Weltbild,1
Weltdichtung,1
Wendell,1
Southampton,1
Positive,1
Spelled,1
Spender,1
Stands,1
Stalin,1
Spoken,1
SNEER,1
Rhees,1
Squaring,1
Understood,1
Thou,1
Poitiers,1
Written,1
Poirot,1
Wherever,1
Pitcher,1
Stain,1
Utrecht,1
Polemarchus,1
Stand,1
Standardly,1
Thompson,1
Whewell,1
Rhodes,1
Rhymes,1
Thirty,1
Poetae,1
Ri,1
SHAW,1
Thirteen,1
Poet,1
Pole,1
Poles,1
Spengler,1
Threats,1
Sperber,1
Polydamas,1
Tht,1
SO,1
Pollyanna,1
Spheres,1
Sphinx,1
Pollot,1
Politischen,1
Through,1
Spinozism,1
Revolutions,1
Thread,1
Westphalia,1
Revue,1
Spiritualism,1
Rex,1
Thracians,1
RhM,1
Westernized,1
Splitting,1
Politeia,1
Thoughtful,1
Policy,1
Spoke,1
Westerns,1
Stories,1
Willans,1
Rist,1
Ritchie,1
Unsanctifying,1
Perturbations,1
Perthaps,1
Persuasions,1
Symp,1
Talmon,1
Ruben,1
Synecdochy,1
Wolstenholme,1
Synthesis,1
Système,1
Søren,1
Rt,1
Royaumont,1
TAKE,1
TALKING,1
Royale,1
Unsurprisingly,1
Wondered,1
Persia,1
Perses,1
Persephone,1
TEXT,1
Teiresian,1
Perrin,1
THAT,1
Peripatetics,1
Rolls,1
Pessimism,1
Symons,1
Tereus,1
Withdraw,1
Rodin,1
Phaethon,1
Survival,1
Survived,1
Ybe,1
Suspicion,1
Witnesses,1
Territorial,1
Swanton,1
Terminal,1
Swedish,1
Swiss,1
Ruggiero,1
Terence,1
Temple,1
Swithinbank,1
Sword,1
Swore,1
Ursache,1
Sydney,1
Petrarchan,1
Rule,1
Peters,1
Temper,1
Symbolic,1
Wondering,1
THEM,1
Wood,1
Tacitus,1
Wortfeld,1
Pelican,1
TLz,1
TOWARDS,1
Zen,1
Unzeitgemä,1
Unum,1
Roots,1
Rough,1
Yack,1
Unverborgenheit,1
Tannery,1
Peckham,1
Tawney,1
Pearson,1
Taggart,1
Unwin,1
Rotary,1
Rosaria,1
Tajfel,1
Rosenblaum,1
Rot,1
Pdd,1
Unwelten,1
Pca,1
Worship,1
Tavistock,1
Rooms,1
Û,1
Urgency,1
Performatory,1
THERE,1
Unsworn,1
Technology,1
Performance,1
Woodruff,1
Technik,1
Woolworth,1
THEY,1
Romantics,1
Zeiten,1
Per,1
Ur,1
Penal,1
Woozley,1
Technical,1
Pentium,1
TI,1
TITLE,1
Penthouse,1
TLRab,1
TLRba,1
Penology,1
TLTa,1
Rousseauian,1
Rousseauesque,1
Phallus,1
Í,1
Phasen,1
Road,1
Stroud,1
Willis,1
Physicalistic,1
Physicalism,1
Struever,1
Wilma,1
Phylogeny,1
Phronêsis,1
SALVA,1
Phronesis,1
Photographic,1
Winchester,1
Unity,1
SAY,1
Styles,1
Usually,1
Zum,1
Robbed,1
Stylometry,1
Styrofoam,1
Thalheimer,1
Robbery,1
Zeit,1
Phormio,1
Phoibos,1
Submitted,1
Stronger,1
SCEPTICISM,1
Phoenicians,1
Themistius,1
Pippin,1
Straaten,1
Pineal,1
Strachey,1
Strained,1
Uniquely,1
Wiles,1
Stravinskyan,1
Theodore,1
Theodor,1
YET,1
Themistocles,1
Streifzuge,1
Strong,1
Unit,1
Pilgrim,1
Strict,1
Piles,1
Theban,1
Rivals,1
VIOLENCE,1
Strikingly,1
Utah,1
Willetts,1
Pick,1
Piagetian,1
Réflexions,1
Phocaea,1
Rochefoucault,1
Witch,1
Superintendents,1
Superior,1
Superman,1
Russia,1
Rush,1
Used,1
Philanthropy,1
Ruse,1
Philadelphia,1
Supplément,1
Wit,1
Support,1
Rules,1
Sundays,1
Ça,1
Robespierre,1
Phila,1
Robespierrean,1
Supposed,1
Phenylketonuria,1
Supposing,1
Ursprung,1
Sure,1
Tert,1
Robinsons,1
Phenomenalists,1
XPH,1
Teucer,1
Tfeel,1
Wir,1
Universalizability,1
Uses,1
Success,1
Philosophischen,1
Zuschauer,1
Ryder,1
Zweifels,1
Roberts,1
Philosophieren,1
Suddenly,1
Philosophie,1
Tfe,1
Ruth,1
Wishing,1
Texas,1
Suggestions,1
Philosophen,1
Philoosphy,1
Philology,1
Philologen,1
Suitable,1
Summary,1
Wise,1
Rutgers,1
Summerson,1
Philistion,1
Practices,1
Together,1
Weimar,1
Relationships,1
RS,1
Senator,1
Visual,1
Tristan,1
ROUTLEDGE,1
Veidt,1
ROUSSEAU,1
Vit,1
Vitellion,1
ROUGH,1
Viva,1
REV,1
RESPONSIBILITY,1
Viète,1
Trionfo,1
Senior,1
REPRESENTATION,1
Sennett,1
Relational,1
REFORM,1
Trials,1
Sarpedon,1
Sensibilia,1
REFERENCES,1
RECOVERING,1
Sentiments,1
Sept,1
Sarrasin,1
Visiting,1
Vision,1
Rejecting,1
Seine,1
Rating,1
Seizures,1
Rathbone,1
Raskolnikov,1
Saw,1
Saussure,1
Rapes,1
Zenodotus,1
Reign,1
XVII,1
Rejected,1
Virtous,1
Rachels,1
Trolley,1
Trojans,1
Virtually,1
Trivers,1
Rambo,1
Railroad,1
Venetian,1
Rahn,1
Virtuous,1
Raffan,1
Radicalism,1
Radical,1
REASONABLE,1
Tri,1
Reid,1
Vocation,1
Quebec,1
Vom,1
Von,1
Quarks,1
Variations,1
Vorspiel,1
Quand,1
Quai,1
Transfiguration,1
Qne,1
Sanctus,1
Seyfarth,1
Shackleton,1
Vortrag,1
Pyz,1
Python,1
Transactions,1
Vs,1
Shadow,1
Pythagoras,1
Relying,1
Sanctuary,1
Vulgar,1
Shakespearian,1
Pythag,1
Variation,1
Trager,1
Transit,1
Translated,1
Volumes,1
Relevant,1
REAL,1
Septern,1
REACTIONS,1
UNTRANSLATED,1
RATIONALITY,1
RATIO,1
Voet,1
Voice,1
Relativist,1
Seriously,1
Serm,1
Quod,1
Sermons,1
Trauerspiels,1
Sanity,1
Voilà,1
Trembling,1
Volland,1
Servile,1
Quiet,1
Set,1
Sandra,1
Voltairean,1
Quest,1
UP,1
Quem,1
Seiior,1
Vinci,1
Weighing,1
Rebecca,1
Scheme,1
Twenty,1
Scheler,1
Schopenhaucrian,1
Schein,1
Tversky,1
Schrei,1
Schriften,1
Schroeder,1
Refugee,1
Recognition,1
Schurmann,1
Scheherazade,1
Recherches,1
Turpin,1
Refutation,1
Verwirklichung,1
Vesey,1
Schuster,1
Täter,1
Vesp,1
Reception,1
Verantwortungsethik,1
Turner,1
Recalling,1
Turn,1
Rebuttals,1
Verstand,1
Rector,1
Versions,1
Reduction,1
Verificationism,1
Referring,1
Schlechte,1
Tyranny,1
Tyrannos,1
Rees,1
Typically,1
Reductive,1
Vermeer,1
Schenkman,1
Vermeers,1
Schoemann,1
Reflective,1
Reculver,1
Types,1
Schenck,1
Tyne,1
Versailles,1
Tynan,1
Redard,1
Reflexion,1
Schol,1
Schemes,1
Tyler,1
Version,1
Reflexive,1
Rebuttal,1
Viator,1
Rationalism,1
Tuming,1
Raz,1
UCLA,1
Vie,1
Viet,1
Viewed,1
Scandals,1
Secret,1
Venus,1
Regulation,1
Sect,1
Sections,1
Scaevola,1
Regungen,1
Rattle,1
Rationalizations,1
Rationalization,1
Rehabilitated,1
Ythat,1
Sayre,1
Rehg,1
XVI,1
Truman,1
Trugrede,1
Reich,1
Seemingly,1
Rationalist,1
Reichstag,1
Secada,1
Reacting,1
Scarcely,1
Victims,1
Scientism,1
Scione,1
Töne,1
Scope,1
Realpolitiker,1
Tugend,1
Really,1
Vichy,1
Scott,1
Scripture,1
Scriptures,1
Tuesday,1
Readings,1
Scene,1
Scylla,1
Scythian,1
Regel,1
Scheewind,1
Sceptiques,1
Regenbogen,1
Reader,1
Regiments,1
Sebein,1
Sebond,1
Read,1
Reactionary,1
Shameful,1
Traffic,1
Shavian,1
Sociology,1
Sacraments,1
Warwick,1
Umwelten,1
Prisoner,1
Washington,1
Vagueness,1
Snaresbrook,1
Wasserstrom,1
Topics,1
Requirements,1
Snuff,1
Sacrament,1
Soames,1
Sacks,1
Watt,1
Principally,1
Soccrates,1
Vacuous,1
VOCABULARY,1
Watteau,1
Wax,1
Sackcloth,1
Way,1
SUPPLEMENTS,1
Socially,1
Wcrtheimer,1
Societies,1
Sacrifice,1
Sade,1
Tortoise,1
Process,1
Sleeping,1
Sleepwalkers,1
Sahara,1
Progressive,1
Slf,1
Valuing,1
Walsh,1
Totowa,1
Saggiatore,1
Slighted,1
Slote,1
Slovic,1
Walther,1
Ward,1
Reproductive,1
Safest,1
Sluga,1
Small,1
Sadistic,1
Wanderer,1
Probleme,1
Wang,1
Total,1
Probably,1
Yours,1
Torts,1
Sociobiology,1
Sock,1
Shaw,1
Tony,1
Weidenfeld,1
SUMMARY,1
Prescriptive,1
Premiership,1
Prelude,1
SUM,1
Preliminaries,1
Solzhenitsyn,1
Prejudices,1
Todhunter,1
Todd,1
Today,1
Weidmann,1
Preached,1
SUCH,1
Somewhat,1
Prance,1
Pragmatists,1
VIRTUES,1
Somoza,1
Ziels,1
Title,1
Sophie,1
Zionism,1
VIRTUE,1
Pragmatic,1
Practise,1
Present,1
Sollst,1
Restricted,1
Unable,1
Primae,1
Wealth,1
Resigning,1
Resolutions,1
Primacy,1
Socrate,1
Tongue,1
Prima,1
Pride,1
Tomorrow,1
Wedge,1
Tommy,1
Respiro,1
Presidents,1
Previous,1
SUNY,1
VImaginaire,1
Pretty,1
Tolstoy,1
Wege,1
Tolerating,1
Ziel,1
Unbearable,1
Told,1
Wehrmacht,1
Restatement,1
Representative,1
Walkiire,1
Walewska,1
Representations,1
Renouvier,1
Puritans,1
Puritan,1
Renters,1
Purifications,1
Purges,1
WILL,1
Sightseeing,1
Pupils,1
WILLIAM,1
Sign,1
UllmannMargalit,1
Pulcinella,1
Renton,1
Significantly,1
WITH,1
Signs,1
Ulm,1
Puff,1
WITHOUT,1
Silent,1
WJA,1
Silverman,1
Ptolemy,1
Ptolemaic,1
Trachiniae,1
Pt,1
Rennes,1
Sidgwickian,1
WHY,1
Uexkiill,1
Traditions,1
Remaining,1
Sheila,1
Sherburne,1
Remember,1
Shifting,1
Shimron,1
Pyrrhonianly,1
Remembering,1
Reminded,1
Samurai,1
Shortly,1
Variables,1
WHO,1
Pylades,1
Pxz,1
Vandiver,1
Samson,1
Pxx,1
Pxd,1
Ulastos,1
Tracy,1
Renati,1
Siciliani,1
Renford,1
Puu,1
WORDS,1
Rossi,1
Psychologically,1
Prophesying,1
Wahrhaftigkeit,1
Zeyl,1
Sirens,1
Townsend,1
Sissela,1
Sisyphe,1
Zak,1
Sittlichkeit,1
Situations,1
Salle,1
Ulysses,1
Saints,1
Prophecy,1
Siphonophora,1
SaintJust,1
Reported,1
Prompted,1
Sixteen,1
Tours,1
Skeptical,1
Promises,1
Waking,1
Toulouse,1
Sketch,1
Prolegomena,1
Tottenham,1
Wagnerian,1
Zagorin,1
Repeated,1
Providence,1
Psychoanalysis,1
Trach,1
Psychical,1
Vanderbilt,1
Psychiatry,1
Salons,1
Président,1
Toynbee,1
Prt,1
Provisions,1
Sincere,1
Repertory,1
Provided,1
Sallust,1
Sinclair,1
Provence,1
Protestants,1
Protestantism,1
WRONG,1
Replacing,1
Sinngebung,1
Sally,1
Sinnlosen,1
Wade,1
Sinnlosigkeit,1
Sinns,1
Rossini,1
LXXXIV,1
Payne,1
Deer,1
Defend,1
Defenders,1
Defense,1
Defining,1
Deiphobos,1
Deiphobus,1
Deist,1
Deity,1
Del,1
Delahayes,1
Delivered,1
Demas,1
Demea,1
Demnach,1
Democr,1
Denial,1
Deniers,1
Denis,1
Denkens,1
Dent,1
Depends,1
Depth,1
Derivatively,1
Derrida,1
Des,1
Descriptions,1
Descriptive,1
Defects,1
Deeper,1
Pax,1
Deep,1
DREAMING,1
DWORKIN,1
Daedalus,1
Daisy,1
Dan,1
Danes,1
Daniels,1
Dante,1
Danton,1
Darius,1
Darkness,1
Darnton,1
Darwin,1
Darwinian,1
Darwinists,1
Dauler,1
Davey,1
Davies,1
Dawson,1
Dear,1
Deborah,1
Decadence,1
Decency,1
Decent,1
Declaration,1
Declarations,1
Decline,1
Deserving,1
Desires,1
Despairing,1
Determination,1
Directory,1
Disabled,1
Discontent,1
Discontented,1
Discours,1
Discovery,1
Disguise,1
Disgust,1
Disliking,1
Displaced,1
Displacement,1
Disposition,1
Disquisitio,1
Dissimulation,1
Dissoi,1
Distinctions,1
Distinguishing,1
Distortions,1
Distributive,1
Divergences,1
Divide,1
DlhyGa,1
Doctrine,1
Doctrines,1
Documented,1
Doesn,1
Dogs,1
Dionysus,1
Diog,1
Diodorus,1
Dickens,1
Determinism,1
Detroit,1
Detwiler,1
Developing,1
Developments,1
Devil,1
Devitt,1
Dewald,1
Dewey,1
Diaghilev,1
Dialectical,1
Diaz,1
Dictionnaire,1
Dindorf,1
Diego,1
Diels,1
Difference,1
Difficulties,1
Diggle,1
Digression,1
Dijksterhuis,1
Dikshoorn,1
Dikê,1
Dilemmas,1
Diller,1
Dimensions,1
DONE,1
DONALD,1
DOES,1
Corrida,1
Constraints,1
Constructing,1
Constructivism,1
Contempt,1
Continual,1
Continued,1
Continuer,1
Contra,1
Contractual,1
Contractualists,1
Contribution,1
Contributions,1
Controlling,1
Controv,1
Conventionalism,1
Conversational,1
Cook,1
Copernican,1
Copernicus,1
Cora,1
Cordemoy,1
Corinth,1
Corinthians,1
Coriolanus,1
Corleone,1
Corpore,1
Corps,1
Constitutional,1
Constance,1
Conspiracies,1
Complete,1
Committed,1
Commonsense,1
Commonwealth,1
Communion,1
Communist,1
Communists,1
Communitarian,1
Companion,1
Company,1
Comparing,1
Comparison,1
Complacency,1
Comte,1
Consistently,1
Conarion,1
Conceived,1
Conciergerie,1
Conclusive,1
Conference,1
Conflicting,1
Connectedly,1
Connection,1
Connelly,1
Consciousness,1
Consequentialist,1
Consistent,1
Correctness,1
Cosmology,1
DOCTOR,1
Coulanges,1
Croton,1
Cry,1
Culpability,1
Curiosity,1
Cusa,1
Custom,1
Cuts,1
Cyclopean,1
Cyclopes,1
Cylonian,1
Cymbeline,1
Cynic,1
Cynics,1
Cyr,1
Cyril,1
DAVIDSON,1
DECEIT,1
DEFINITIONS,1
DELUDED,1
DEMAND,1
DENIAL,1
DEPENDS,1
DESCRIPTIVE,1
DEVELOPMENT,1
DIFFICULTY,1
DISTINCTION,1
DISTINGUISH,1
Crosland,1
Crosby,1
Cronus,1
Credible,1
Coulton,1
Counterethical,1
Counting,1
County,1
Coupled,1
Courage,1
Courageous,1
Cousin,1
Covenant,1
Craft,1
Crawford,1
Creating,1
Creedon,1
Crombie,1
Creole,1
Cretan,1
Crick,1
Crim,1
Crime,1
Crippen,1
Crisis,1
Criterion,1
Critias,1
CriticalPrinciple,1
Croatia,1
Croce,1
Dolon,1
Dominic,1
Dominion,1
Falsehood,1
Existentialist,1
Expected,1
Expeditions,1
Experiences,1
Experiments,1
Expert,1
Exploiting,1
Exploring,1
Expressions,1
Extended,1
Exterior,1
Externalism,1
Extrapolating,1
Extremely,1
Extrinsic,1
FIRST,1
FLAT,1
FOREWORD,1
FT,1
Fa,1
Fab,1
Fabian,1
Fabric,1
Face,1
Factor,1
Faculty,1
Fairness,1
Exercise,1
Exemptions,1
Exemption,1
Eusebeia,1
Ethiopian,1
Ethiopians,1
Ethology,1
Ethos,1
Etna,1
Euclidian,1
Eudemian,1
Eudemus,1
Eumenides,1
Euripide,1
Europa,1
Eurycleia,1
Euthanasia,1
Excited,1
Euthydemus,1
Eux,1
Eva,1
Evanston,1
Everybody,1
EvolutionfromMolecules,1
Ew,1
Ewald,1
ExA,1
Exaggerating,1
Examination,1
Exceptional,1
Fallibilism,1
Fama,1
Esthétique,1
Fant,1
Fishkin,1
Fitfalls,1
Fixation,1
Flemish,1
Fletcher,1
Flew,1
Flexibilities,1
Flinders,1
Flitch,1
Fluch,1
Fléche,1
Fm,1
Foerster,1
Folklore,1
Fools,1
Forced,1
Fore,1
Foreign,1
Forfeiture,1
Forge,1
Formalized,1
Formally,1
Formen,1
Fortenbaugh,1
Fortunes,1
Forty,1
Foucher,1
Fisherman,1
Finnegan,1
Finncgan,1
Feinberg,1
Fantasies,1
Farbe,1
Farfit,1
Farmers,1
Fascism,1
Fatalism,1
Faulkner,1
Fcrsonality,1
Features,1
Feelings,1
Feiern,1
Feierstag,1
Feind,1
Fine,1
Fellows,1
Fellowship,1
Feminism,1
Feminist,1
Fetishizing,1
Feuerbach,1
Fhilonous,1
Fifteen,1
Fifteenth,1
Fifty,1
Figures,1
Finding,1
Estienne,1
Esther,1
Done,1
Eigenname,1
ESSAY,1
ET,1
ETHICA,1
EVENTS,1
EXAMINER,1
EXAMPLE,1
EXCLUDE,1
EXPERIMENT,1
EXTENSIONS,1
EXTERNAL,1
Easterling,1
Eastwood,1
Eclogue,1
Ed,1
Edmund,1
Edna,1
Eduard,1
Educator,1
Edwards,1
Effectively,1
Effects,1
Efforts,1
Egan,1
Egbert,1
Egoistic,1
Ehas,1
Ehre,1
ERROR,1
ERGO,1
EQUALITY,1
Duck,1
Doreen,1
Doubting,1
Doubts,1
Downing,1
Downs,1
Drafts,1
Drawn,1
Dreamless,1
Dretske,1
Dualism,1
Duc,1
Duchess,1
Duff,1
EPISTEMOLOGICAL,1
Duke,1
Dustekmarton,1
Duties,1
Duty,1
Dyck,1
EDITION,1
EI,1
EIGHTEEN,1
EMOTIONS,1
ENQUIRER,1
ENQUIRY,1
EPIGRAPHS,1
Eichmann,1
Eighteen,1
Essentialist,1
Eighth,1
Enlightened,1
Enneads,1
Entdeckung,1
Enter,1
Entertaining,1
Entretiens,1
Entzauberung,1
Eorcenberht,1
Ephesus,1
Epigoni,1
Epilogue,1
Epimenides,1
Epoche,1
Epos,1
Epsom,1
Equivalently,1
Equivocation,1
Er,1
Erbfehler,1
Eric,1
Erich,1
Ermenonville,1
Ernst,1
Erotic,1
Errors,1
Esperanto,1
Essais,1
Englishness,1
Englishman,1
Englewood,1
Elster,1
Eine,1
Einwirkung,1
Elaboration,1
Elder,1
Elector,1
Elek,1
Elina,1
Elis,1
Ellian,1
Ellmann,1
Elp,1
Elpenor,1
Elt,1
Engelmann,1
Elusive,1
Elzevier,1
Emended,1
Emotions,1
Emotivism,1
Empedocles,1
Empiricism,1
Employment,1
Encounters,1
Encyclopédie,1
Endurance,1
Engel,1
Commercial,1
Comments,1
Commands,1
Athanasian,1
Aristides,1
Aristocratic,1
Aristoteles,1
Aristotelianised,1
Aristotelianly,1
Aristotelicum,1
Army,1
Arnold,1
Around,1
Arrow,1
Artemidorus,1
Artist,1
Artistic,1
Aryan,1
Aryanism,1
Ascheim,1
Asiatic,1
Assent,1
Assessing,1
Assessments,1
Associated,1
Assorted,1
Assurance,1
Astray,1
Astronomicon,1
Ataraxia,1
Ate,1
Arguably,1
Argonauts,1
Argentina,1
Appraisal,1
Antisthenes,1
Antoine,1
Anton,1
Antonia,1
Antonioni,1
Apeiron,1
Apelles,1
Aphorism,1
Apologie,1
Appeals,1
Appleby,1
Applied,1
Appropriately,1
Arendt,1
Apt,1
Arabic,1
Arcadia,1
Arcesilaus,1
Archaeology,1
Archaic,1
Archbishop,1
Archer,1
Archilochus,1
Archimedes,1
Architects,1
Arena,1
Ath,1
Atheists,1
Antid,1
Athena,1
Ay,1
Aypothetical,1
Aztec,1
BASIC,1
BBC,1
BE,1
BEARER,1
BEHAVIOUR,1
BELIEF,1
BEYOND,1
BICS,1
BIRTH,1
BRAVE,1
BRIEF,1
BROADEST,1
BY,1
Baby,1
Babylonian,1
Baccalauréat,1
Bacch,1
Back,1
Background,1
Bad,1
Baghdad,1
Bali,1
Bambi,1
Bambrough,1
Axylos,1
Axiom,1
Awarded,1
Augustinian,1
Athenee,1
Athéna,1
Atomists,1
Atreides,1
Atrekês,1
Attempt,1
Attica,1
Attributive,1
Audiences,1
Audited,1
Auffassung,1
Augury,1
Aujbau,1
Avery,1
Aunque,1
Auratus,1
Aurel,1
Auschwitz,1
Ausdruck,1
Ausonius,1
Austerlitz,1
Austria,1
Authoritative,1
Authors,1
Av,1
Avaux,1
Antigones,1
Anthropology,1
Bar,1
Agnes,1
Acquiring,1
Acragas,1
Acre,1
Acrocorinth,1
Activities,1
Actual,1
Actualization,1
Actus,1
Adaptation,1
Adapting,1
Adding,1
Additional,1
Address,1
Addresses,1
Administration,1
Admiral,1
Admitted,1
Adolphus,1
Adonis,1
Adversity,1
Advertisements,1
Advocates,1
Aegistheus,1
Ael,1
Af,1
African,1
Agatha,1
Acknowledging,1
Achille,1
Accuracyis,1
AVOIDANCE,1
AB,1
ABC,1
AC,1
ACCOUNT,1
ACCURACY,1
ACT,1
ACTION,1
ACTIONS,1
APPEARANCE,1
ASSERTION,1
AUTHENTICITY,1
AUTa,1
AXIOMS,1
Accounts,1
Aappiness,1
Aappy,1
Abdera,1
Aber,1
Aberystwyth,1
Abstracting,1
Abstraktion,1
Academica,1
Académie,1
Acceptance,1
Accidentally,1
Accompanying,1
Agathon,1
Agreement,1
Anthropologists,1
Agricola,1
Alêtheia,1
Ambiguous,1
Ambitions,1
Amended,1
Amersfort,1
Amoralist,1
Amy,1
Analogous,1
Analogously,1
Anangke,1
Anaximenes,1
Anblick,1
Ancilla,1
Andra,1
Andronicus,1
André,1
Andy,1
Anecdotal,1
Angela,1
Animal,1
Anjou,1
Annette,1
Annual,1
Anselmian,1
Answer,1
Answering,1
Ant,1
Alzheimer,1
Always,1
Altogether,1
Alibert,1
Ah,1
Ahrens,1
Ai,1
Aineias,1
Aitia,1
Aitias,1
Akademie,1
Akrasia,1
Akratic,1
Akt,1
Alastair,1
Ali,1
Alkinous,1
Althusser,1
Allegations,1
Alleged,1
Allison,1
Allowed,1
Allowing,1
Allzumenschliches,1
Alone,1
Along,1
Alpers,1
Alpha,1
Alston,1
Alternative,1
Banality,1
Barbarians,1
Commanding,1
Chancellorship,1
Carter,1
Cartes,1
Cartesians,1
Cartesii,1
Cases,1
Cassandra,1
Catastrophe,1
Catch,1
Category,1
Caterus,1
Catharine,1
Catholicism,1
Catiline,1
Causes,1
Caution,1
Cavalier,1
Caveat,1
Cavendish,1
Ce,1
Celsius,1
Centaur,1
Centaurian,1
Centralism,1
Centuries,1
Certified,1
ChJ,1
Chamberlain,1
Carston,1
Carry,1
Carr,1
Canadian,1
CRITERION,1
CRITIQUE,1
CUP,1
Caen,1
Cahiers,1
Cairns,1
Cal,1
Calderón,1
Caldwell,1
Californian,1
Caligulan,1
Called,1
Cancellation,1
Carole,1
Cans,1
Canto,1
Capek,1
Capt,1
Captain,1
Cardinal,1
Cardozo,1
Care,1
Carlo,1
Carlos,1
Carnap,1
Carol,1
Chamfort,1
Changing,1
CRIMES,1
Chanson,1
Clauses,1
Cleland,1
Clemenceau,1
Clemens,1
Cleom,1
Cleon,1
Cliffs,1
Cline,1
Clinical,1
Clint,1
Clinton,1
Cloak,1
Close,1
Closest,1
Cochrane,1
Cocteau,1
Cogitationes,1
Col,1
Cold,1
Collection,1
Collector,1
Collinson,1
Colman,1
Colophon,1
Colour,1
Com,1
Comedy,1
Claudius,1
Claude,1
Classifications,1
Christiaan,1
Chapel,1
Characteristically,1
Characterless,1
Charlotte,1
Charlus,1
Charybdis,1
Cheney,1
Chickens,1
Chiefly,1
Childlike,1
Chris,1
Christen,1
Christie,1
Classification,1
Christmassy,1
Chrysothemis,1
Chute,1
Ci,1
Ciceronian,1
Cinemagoing,1
Circulation,1
Citium,1
Citizenship,1
Class,1
Classen,1
Classic,1
CRIMINAL,1
CRIME,1
Barcelona,1
Bonnard,1
Benevolence,1
Benn,1
Benthamism,1
Benthamite,1
Bergk,1
Berkelian,1
Berl,1
Bermerkungen,1
Bernal,1
BernardWilliams,1
Bertinhus,1
Bescheidung,1
Betrachtungen,1
Betts,1
Biases,1
Bicameral,1
Bilbao,1
Binkley,1
Bitch,1
Blasphemy,1
Bleak,1
Bloggs,1
Blois,1
Blood,1
Blow,1
Bohemia,1
Bolshevik,1
Benedictines,1
Ben,1
Below,1
Beachamp,1
Barkow,1
Barring,1
Barry,1
Bas,1
Basis,1
Basques,1
Bass,1
Bataille,1
Bay,1
Bayesian,1
Bayles,1
Bcnn,1
Beacon,1
Bell,1
Bear,1
Bearing,1
Beast,1
Beaudry,1
Beaufort,1
Become,1
Beethoven,1
Begriff,1
Behavior,1
Behavioural,1
Bei,1
Believing,1
Bolsheviks,1
Borough,1
CRANK,1
Bossuet,1
Burian,1
Buridan,1
Burner,1
Busy,1
Byrne,1
Bänden,1
Bérulle,1
CAPABILITY,1
CARLOS,1
CAVE,1
CBW,1
CHALLENGE,1
CIBA,1
CLAIMS,1
CLASSIC,1
CLASSICAL,1
CLASSICS,1
COERCION,1
COGITO,1
COMMENTARY,1
CONCEPTS,1
CONCLUSION,1
CONSEQUENCES,1
CONSIDERATIONS,1
CONTRIBUTION,1
COWARDICE,1
CR,1
Burckhardt,1
Burbidge,1
Bugattis,1
Brandt,1
Bostock,1
Boswell,1
Bougainville,1
Bound,1
Bourbons,1
Bowersock,1
Boyg,1
Brace,1
Brad,1
Brady,1
Brains,1
Bramble,1
Brasenose,1
Buddha,1
Braswell,1
Bratman,1
Braybrooke,1
Break,1
Breakdown,1
Briefly,1
Brighton,1
Brittany,1
Britten,1
Bronaugh,1
Brothers,1
Brush,1
Foundling,1
Fourteen,1
Foxon,1
Meinong,1
Materialism,1
Materialist,1
Mathematical,1
Mathematics,1
Matters,1
Maturity,1
Maudemarie,1
Mawhinney,1
Maxims,1
Mayfair,1
Mayo,1
Mazon,1
McCarthy,1
McGuiness,1
McIntyre,1
McLaughlin,1
McLuhan,1
McMahan,1
McMurrin,1
Meanwhile,1
Mechanisms,1
Mechanization,1
Medical,1
Meet,1
Meetings,1
Meiklejohnian,1
Meiland,1
Mater,1
Mastronarde,1
Masters,1
Marcianus,1
Malle,1
Mallet,1
Mangel,1
Manichaean,1
Manilii,1
Mankind,1
Manners,1
Mantis,1
Manufacturers,1
Manumission,1
MarIntyre,1
Marcel,1
Maria,1
Maryland,1
Marin,1
Marincola,1
Marjorie,1
Marked,1
Marketplace,1
Marks,1
Marr,1
Marras,1
Martian,1
Martians,1
Marty,1
Marvin,1
Meineke,1
Meinwald,1
Malevolence,1
Melampodia,1
Mexico,1
Meyerbeer,1
Meysonnier,1
Michigan,1
Mifflin,1
Migotti,1
Mike,1
Milan,1
Mildred,1
Miletus,1
Millan,1
Millar,1
Millgram,1
Mills,1
Ministers,1
Minoan,1
Minor,1
Minsky,1
Miranda,1
Miro,1
Mismeasure,1
Missed,1
Mistress,1
Mitchel,1
Mixed,1
Mnemosyne,1
Modem,1
Mexicans,1
Metropolis,1
Metonymy,1
Menschheit,1
Melissus,1
Melos,1
Mem,1
Memoir,1
Memoirs,1
Memorabilia,1
Menace,1
Menander,1
Mend,1
Mends,1
Menotti,1
Menschenwerk,1
Mental,1
Methodology,1
Meritocracy,1
Merkelbach,1
Merlyn,1
Messenian,1
Messenians,1
Messrs,1
Met,1
Metaphor,1
Metaphors,1
Metaphysic,1
Metaphysicians,1
Methodist,1
Malia,1
Mal,1
Moderns,1
Loose,1
Liar,1
Liber,1
Libertarianism,1
Libertine,1
Licence,1
Licensing,1
Lie,1
Limitation,1
Lincoln,1
Lindley,1
Lines,1
Linguistics,1
Linus,1
Lionel,1
Listen,1
Lives,1
Lo,1
Lockean,1
Logical,1
Logically,1
Logicians,1
Logik,1
Logische,1
Logoi,1
Lombard,1
Longer,1
Longmans,1
Levy,1
Levet,1
Levels,1
Lemnos,1
League,1
Least,1
Leben,1
Lecturer,1
Leda,1
Lefkowitz,1
Legendary,1
Legislation,1
Legislator,1
Legitimacy,1
Leidende,1
Lejeune,1
Leninists,1
Levantine,1
Leoc,1
Leon,1
Leonard,1
Leonardo,1
Leonie,1
Leontini,1
Leontius,1
Leslie,1
Lessing,1
Lessons,1
Leszek,1
Leucippus,1
Looking,1
Lorenz,1
Maistre,1
Loreto,1
MODELS,1
MODERNITY,1
MOMENT,1
MOST,1
MSS,1
MUCH,1
MY,1
MacCallum,1
MacCary,1
MacFie,1
MacKinnon,1
Macgregor,1
Mach,1
Machtgefühls,1
Macleod,1
Maclntyre,1
Madness,1
Maferopulos,1
Mag,1
Magazine,1
Maggie,1
Magistrates,1
Mahaffy,1
Maiden,1
Mail,1
Maine,1
Maison,1
MINOS,1
MIND,1
MICHAEL,1
Lulubelle,1
Lorette,1
Lorraine,1
Loss,1
Lost,1
Loudun,1
Louise,1
Loxias,1
Luc,1
Lucida,1
Lucretian,1
Luhrman,1
Lukes,1
Luynes,1
METHODS,1
Lxxxii,1
Lycurg,1
Lyon,1
Lysias,1
Lytton,1
Lêthê,1
MACBETH,1
MAKING,1
MAN,1
MCS,1
MENSA,1
MET,1
Moderate,1
Modes,1
Laughing,1
PCPS,1
Opinion,1
Opinions,1
Opportunismus,1
Opposed,1
Opposition,1
Oppositions,1
Oppressed,1
Opus,1
Oracle,1
Oration,1
Oratory,1
Orderings,1
Orders,1
Orgasm,1
Orphic,1
Orthodox,1
Osborne,1
Outlines,1
Outrage,1
Overbeck,1
Overnight,1
Overtly,1
Oxy,1
Ozouf,1
PAGAN,1
PAPERS,1
PASS,1
Ontogeny,1
Onto,1
Oneself,1
Obscurity,1
OUP,1
OUT,1
OXFAM,1
OXFORD,1
Oakeshott,1
Obedience,1
Object,1
Objective,1
Objectivism,1
Objectivist,1
Objectors,1
Obscure,1
Observe,1
Oneirocriticon,1
Obsession,1
Obstacles,1
Occamist,1
Occasionally,1
Ohren,1
Oksenberg,1
Ol,1
Olivier,1
Olnd,1
Olsonjr,1
Olympus,1
Omitting,1
PAST,1
PE,1
OBJECTS,1
PEOPLE,1
Palmer,1
Papal,1
Papen,1
Parenthood,1
Parents,1
Parfitian,1
Parisian,1
Park,1
Parmenidean,1
Parry,1
Parsifal,1
Partiality,1
Partibus,1
Participating,1
Particles,1
Particulars,1
Passionate,1
Passive,1
Passmore,1
Pat,1
Pateman,1
Paternalistic,1
Paton,1
Patrodus,1
Patrologia,1
Patzig,1
Pauling,1
Palladian,1
Pall,1
Palatine,1
PUNISHMENT,1
PHYSICAL,1
POLITICS,1
POSSIBLE,1
POSTSCRIPT,1
POWERFUL,1
PREFACE,1
PRESUPPOSITIONS,1
PROBLEM,1
PROBLEMS,1
PRODUCING,1
PROJECT,1
PROPOSITIONAL,1
PURE,1
Palace,1
PWK,1
Pad,1
Padel,1
Pagan,1
Paganism,1
Pagden,1
Paidagogos,1
Paideuma,1
Pain,1
Painting,1
Paix,1
Pal,1
OBSCURE,1
Nutzen,1
Modood,1
NGOs,1
Mozambique,1
Mucius,1
Muerte,1
Mulgan,1
Muller,1
Mullin,1
Multiple,1
Munching,1
Munitz,1
Murderer,1
Murnaghan,1
Musarion,1
Muses,1
Mutation,1
Mutatis,1
Mycenae,1
Mythical,1
Mythistoricus,1
Mythmaking,1
Mytilinean,1
Méridier,1
Mênin,1
NA,1
NASA,1
NB,1
NECESSITY,1
NEEDS,1
Movements,1
Mountaineering,1
Mountain,1
Montanist,1
Mods,1
Moira,1
Molecules,1
Moles,1
Molly,1
Money,1
Monologue,1
Monologues,1
Monotheism,1
Monro,1
Montanism,1
Montanismam,1
Montgomery,1
Mould,1
Montmort,1
Montreal,1
Monty,1
Moralist,1
Moralistic,1
Moravcsik,1
Morisette,1
Morrison,1
Mortimorc,1
Morton,1
Mossner,1
Motion,1
NGO,1
NICHOMACHEA,1
Nuncio,1
NINO,1
Newsagents,1
Newspapers,1
Nicaragua,1
Nichts,1
Nichtsolche,1
Nicolas,1
Nicolson,1
Nicomachea,1
Nietzscheism,1
Nijhoff,1
Nikita,1
Nile,1
Nine,1
Nobody,1
Nonmoral,1
Nonsense,1
Normative,1
Norris,1
Northwestern,1
Norway,1
Notebooks,1
Noted,1
Notional,1
Notions,1
Nottingham,1
Notwithstanding,1
Nowhere,1
News,1
Neutral,1
Neurophilosophy,1
Nassau,1
NO,1
NORMATIVE,1
NOT,1
NOW,1
Nachteil,1
Naissance,1
Nakhnikian,1
Naming,1
Narge,1
Narrative,1
Narratives,1
Nash,1
Naturwissenschaft,1
Neurath,1
Nauckhoff,1
Navy,1
Necessarily,1
Necf,1
Need,1
Neglect,1
Nemessetos,1
Neoplatonist,1
Nereus,1
Nerlich,1
Nessus,1
Netherlands,1
Lawton,1
Latour,1
Fraasen,1
Hellenism,1
Hannah,1
Hannay,1
Happened,1
Hard,1
Hardie,1
Harding,1
Hardly,1
Hardy,1
Harlech,1
Harringay,1
Harris,1
Hating,1
Hauptsache,1
Haverford,1
Havers,1
Head,1
Hear,1
Hearing,1
Heath,1
Hecuba,1
Hegelianism,1
Heidelberg,1
Heinrich,1
Heis,1
Hektor,1
Hel,1
Hellenes,1
Handlung,1
Hamelin,1
Hague,1
Guineans,1
Grene,1
Grg,1
Griechische,1
Grotius,1
Ground,1
Growing,1
Growth,1
Grube,1
Guarantee,1
Guide,1
Guido,1
Guinean,1
Gustavus,1
Hades,1
Gyrles,1
Göttingen,1
Göttliche,1
HA,1
HART,1
HIV,1
HMSO,1
HONOUR,1
HOW,1
HUMAN,1
HUME,1
Hackman,1
Hellenica,1
Heller,1
Gregorian,1
Helm,1
Hist,1
Historians,1
Historie,1
Hobbesianly,1
Hofstadter,1
Holden,1
Hollywood,1
Holt,1
Homers,1
Homosexual,1
Homosexuality,1
Hon,1
Hood,1
Hook,1
Hooke,1
Hookway,1
Hopes,1
Hopi,1
Horace,1
Horizon,1
Horkheimer,1
Hospital,1
Hot,1
Hottentots,1
Houghton,1
Houses,1
Howe,1
Hipponikos,1
Hippoc,1
Hinsicht,1
Herakles,1
Helot,1
Help,1
Helpful,1
Hemel,1
Hempel,1
Hempstead,1
Henceforth,1
Hephaistus,1
Heracl,1
Heraclitean,1
Heraclitus,1
Heraclès,1
Herder,1
Hingham,1
Hereafter,1
Herod,1
Heroic,1
Herostratus,1
Herrschaftfrei,1
Herzog,1
Hesiodic,1
Heuristics,1
Heéloïse,1
Hierarchical,1
Hillel,1
Himalaya,1
Gregynog,1
Greats,1
Hoöffe,1
Gene,1
Fx,1
GENEALOGY,1
GENERAL,1
GENTLEMAN,1
GLOSSARY,1
GOD,1
GOOD,1
GREEKS,1
GUIDE,1
Gabriel,1
Gad,1
Galenian,1
Galilean,1
Gallimard,1
Gallop,1
Galtieri,1
Game,1
Gartesian,1
Gary,1
Gascon,1
Gast,1
Gatsby,1
Gaunilo,1
Gegebene,1
Gegensätze,1
Geist,1
Geistes,1
Furies,1
Furet,1
Furbank,1
Frequent,1
Fragment,1
Fragments,1
Francine,1
Franco,1
Frangois,1
Frankenstein,1
Fraudulent,1
Fred,1
Frederick,1
Freeman,1
Fregean,1
Frenchmen,1
Fressen,1
Fully,1
Fricker,1
Friend,1
Friendly,1
Friendship,1
Frincipia,1
Frithjof,1
Frobhms,1
Froceedings,1
Frost,1
Fréquente,1
Fröhliche,1
Fuller,1
Gellner,1
Genealogical,1
Gray,1
Genealogies,1
Gisbert,1
Give,1
Gland,1
Glaube,1
Glen,1
Gliicklichkeit,1
Gloucester,1
Gnostic,1
Go,1
Goddess,1
Godet,1
Goethean,1
Goldene,1
Goldhammer,1
Gollancz,1
Gordon,1
Gortynian,1
Gospel,1
Gospels,1
Gott,1
Gottlob,1
Gough,1
Governors,1
Graeci,1
Graff,1
Grammatik,1
Grasped,1
Giovanni,1
Giordano,1
Gillispie,1
Gerald,1
Generally,1
Generation,1
Generationem,1
Generations,1
Genethics,1
Gentile,1
Gentiles,1
Gentlemen,1
Genuinely,1
Georg,1
Georges,1
Georgetown,1
Geraud,1
Gilby,1
Gerhardt,1
Germanspeaking,1
Gerth,1
Gesammelte,1
Geschwdtz,1
Gestalt,1
Get,1
Getting,1
Ghosts,1
Gian,1
Giants,1
Gifford,1
Hoyle,1
Humane,1
Lasch,1
Kaufman,1
Joy,1
Joyce,1
Judaic,1
Jude,1
Judgment,1
Judicial,1
Judson,1
Julian,1
Jupiter,1
Justifications,1
Justified,1
KK,1
KNOWING,1
KNOWS,1
Ka,1
Kacts,1
Kahneman,1
Kakon,1
Kampfe,1
Kansas,1
Kantianly,1
Karamazov,1
Karel,1
Karen,1
Kasper,1
Kassel,1
Katherine,1
Jowett,1
Jovanovich,1
Journey,1
Jenkyns,1
Janacek,1
Janet,1
Jansenist,1
Januarius,1
Japan,1
Jarndyce,1
Jarvis,1
Jebb,1
Jeder,1
Jedes,1
Jeffery,1
Jeffrey,1
Jeremy,1
Journalists,1
Jersey,1
Jerusalem,1
Jesus,1
Jill,1
Joad,1
Joel,1
Johns,1
Johnson,1
Join,1
Joined,1
Jon,1
Josefine,1
Kathleen,1
Keeler,1
Jakob,1
Keep,1
Kripke,1
Krischer,1
Kristeller,1
Kriterium,1
Kuhn,1
Kuhse,1
Kunst,1
LEGAL,1
LEGITIMATION,1
LIFE,1
LIV,1
LIX,1
LVI,1
LXIX,1
LXXII,1
LXXIII,1
LXXX,1
LXXXII,1
LYING,1
Lacedaimonian,1
Lacedaimonians,1
Lachmann,1
Lacks,1
Laert,1
Land,1
Lane,1
Largely,1
Kretzmann,1
Kraye,1
Krausz,1
Kleinian,1
Keeping,1
Keith,1
Kellner,1
Kelly,1
Kennst,1
Keuls,1
Khomeini,1
Ki,1
Kiefer,1
Kind,1
Kirkup,1
Kitzinger,1
Klingsor,1
Kratos,1
Kluwer,1
Knapp,1
Kneale,1
Knopf,1
Know,1
Kock,1
Koestler,1
Kolakowski,1
Kolnai,1
Konrad,1
Korner,1
Kranz,1
Jamaican,1
Jahn,1
Humanitarianism,1
Indicatives,1
IdB,1
Idealized,1
Identification,1
Identifying,1
Identities,1
Identität,1
Iff,1
Ifs,1
Iliade,1
Ils,1
Image,1
Images,1
Imam,1
Imbros,1
Immediately,1
Immerwahr,1
Impartial,1
Implications,1
Importantly,1
Impossible,1
Impressionism,1
Imprint,1
Inc,1
Incapacities,1
Incompatibilist,1
Incompatibilists,1
Incorporated,1
IdA,1
Ici,1
Ichnos,1
Hélène,1
Humans,1
Humility,1
Hunt,1
Hus,1
Hutcheson,1
Hutchinson,1
Hyde,1
Hyg,1
Hyllus,1
Hyperides,1
Hypnosis,1
Hypotheses,1
Höffe,1
Iamblichus,1
IA,1
IAM,1
IDEA,1
IIa,1
IIae,1
IMP,1
IMPLICATIONS,1
INDIVIDUALS,1
INFINITE,1
INTERNAL,1
INTERNALIST,1
INTERPRETATION,1
Indeterminacy,1
Indictable,1
Jaggers,1
Indifference,1
Intervene,1
Intervention,1
Interventions,1
Into,1
Intolerable,1
Intrinsic,1
Introduced,1
Involvements,1
Ionians,1
Iowa,1
Iran,1
Ironically,1
Ironist,1
Irreducibly,1
Irresistibility,1
Islamic,1
Island,1
Isolde,1
Israel,1
Items,1
Ithacan,1
Itmight,1
JB,1
JOYCE,1
JUST,1
Jackson,1
Jacobean,1
Interregnum,1
Interpreting,1
Interpreters,1
Innocent,1
Indisputably,1
Inductive,1
Industrial,1
Infancy,1
Infants,1
Influence,1
Informational,1
Ingenii,1
Ingenious,1
Injustice,1
Inner,1
Inneren,1
Inquisitor,1
Internalist,1
Inquisitors,1
Insincerity,1
Instability,1
Instituted,1
Institutes,1
Institution,1
Instrumental,1
Intellectual,1
Intelligence,1
Interdisciplinary,1
Interlude,1
Internalism,1
Übel,1
