lowercase_word,N
pornography,388
films,274
board,204
desires,182
offences,181
strawson,169
obscene,167
memory,138
offensive,132
court,128
predicates,126
iii,113
offence,108
connexion,107
cinema,105
imperatives,105
witnesses,104
obscenity,100
wax,97
particulars,95
pornographic,90
criterion,87
certificate,86
indecent,77
paragraph,77
magazines,74
regret,71
premisses,70
criteria,69
introduced,68
licensing,66
harms,63
motivated,61
prohibited,61
availability,59
smart,58
pleonexia,55
cratylus,54
george,54
dreaming,53
criminal,53
consequentialism,53
rape,50
predicate,50
office,49
identical,49
deprave,49
crime,48
imagining,48
seq,47
conclude,46
mode,45
attributes,45
city,45
commission,44
princ,44
deliberative,44
offensiveness,44
artistic,43
jury,43
council,43
agreement,43
exhibition,43
neutral,42
specification,41
subjectivism,40
prevent,40
cover,40
observers,40
benevolence,40
shops,39
eighteen,39
metaphysician,38
hare,38
ontological,38
egoist,37
perfection,37
enquiries,37
jim,37
corporeal,36
trial,36
acted,36
sensations,35
fifth,35
appendix,35
asserting,34
allowing,34
produces,34
gland,34
censors,33
provision,33
circulation,33
phenomenalism,33
kutchinsky,33
operate,33
safety,32
green,31
irresistible,31
gauguin,31
napoleon,31
fourth,31
fawkes,31
sale,31
prosecutions,31
regrets,30
triangle,30
cit,30
shoemaker,30
exposure,29
visualised,29
understands,29
confrontation,29
sincerity,28
imperfect,28
inferences,28
tertullian,28
photographs,28
clubs,28
sixth,28
conjunction,28
unseen,28
standpoint,28
magistrates,27
personalities,27
commonsense,27
asymmetry,27
legislation,27
die,27
cease,27
representations,27
kenny,26
minister,26
son,26
visualising,26
customs,26
correlation,26
harmful,26
hacker,26
objectively,25
treatise,25
director,25
sensation,25
appropriately,25
receiving,25
deceiver,25
correctness,25
cinematograph,24
parents,24
viz,24
sincere,24
increasing,24
doubting,24
visualise,24
york,23
substances,23
unsatisfactory,23
girl,23
titles,23
forfeiture,23
pineal,23
cinemas,23
visual,23
spatio,23
consensus,23
judgments,22
tractatus,22
arm,22
crimes,22
inequality,22
magazine,22
epithymetic,22
paragraphs,22
metropolitan,22
construed,21
wales,21
invalid,21
sincerely,21
examined,21
maximizing,21
ascription,21
prosecution,21
angles,21
breathing,21
prudential,21
hermogenes,21
reduplication,21
inheritance,21
statistics,21
dilemma,21
undesirable,21
ruled,21
subjectivist,21
designated,21
statutory,21
guy,20
selves,20
february,20
passed,20
uttered,20
intellect,20
sentiment,20
occasions,20
med,20
realist,20
visualisation,20
obedience,20
undertaken,20
recall,20
minority,20
relying,19
uncertain,19
indubitable,19
commitments,19
restrict,19
unjustly,19
avoided,19
retrospective,19
divisible,19
unsuitable,19
ibid,19
conditional,19
chose,19
entails,19
indeterminacy,18
objector,18
incoherent,18
november,18
prosecuting,18
arc,18
peculiarity,18
engage,18
potentially,18
emphasized,18
imperfection,18
salisbury,18
ing,18
deduced,18
official,18
efficient,18
sensory,18
generate,18
torture,18
motions,18
blame,18
secretary,18
trend,18
regulae,18
counted,18
statute,18
located,18
disadvantages,18
incidence,17
misfortune,17
ascribing,17
enforcement,17
claudia,17
square,17
decency,17
cardinale,17
verifiability,17
est,17
low,17
consequently,17
erotic,17
scenes,17
specify,17
unable,17
appointed,17
obeyed,17
plural,16
wealthy,16
determining,16
denmark,16
lady,16
berlin,16
deliberations,16
validity,16
pictorial,16
obtaining,16
fortune,16
immortality,16
yields,16
guidelines,16
cities,16
agglomeration,16
disembodied,16
examiners,16
parfit,16
concemed,16
notional,16
objectionable,16
incommensurable,16
trivially,16
parliament,15
constructed,15
blackburn,15
raining,15
approval,15
verifying,15
gassendi,15
options,15
coburn,15
combine,15
smaller,15
costs,15
othello,15
president,15
attractive,15
superior,15
expectation,15
suppressing,15
confine,15
evaluative,15
disjunctive,15
convergent,15
institute,15
allocated,15
intimate,15
cricketer,15
promised,15
neustic,15
instituted,15
screen,15
incorrigibility,14
reflected,14
scalar,14
arnauld,14
plurality,14
adequacy,14
whenever,14
lucretius,14
complicated,14
awake,14
pleasant,14
bridge,14
expletive,14
ovp,14
restricting,14
exemption,14
exhibitions,14
amoralist,14
entry,14
appraisal,14
kingdom,14
phenomenalist,14
irr,14
health,14
january,14
mirror,14
operator,14
inappropriate,14
instrument,14
concluded,14
ratio,14
pleonektic,14
six,14
emperor,14
contingently,13
vulgar,13
retailers,13
metaphysicians,13
temptation,13
honour,13
constitutive,13
crown,13
arrives,13
indisputable,13
supposition,13
assigned,13
entailed,13
structured,13
submissions,13
intuitionism,13
survive,13
assurance,13
distasteful,13
changeable,13
citizen,13
distributors,13
disturbing,13
glance,13
certificates,13
banned,13
sketched,13
utilities,13
cruelty,13
coherence,13
cold,13
aversion,13
foot,13
utilitarianly,13
sophists,13
commending,13
festival,13
attributive,13
separateness,13
schema,13
experimenter,13
expecting,13
malicious,13
injunction,13
recherche,13
comprehensibly,13
deductions,13
publishing,13
printed,13
quantity,13
nationwide,13
noticing,13
pedro,13
accord,13
allocation,13
sell,12
queen,12
approve,12
bath,12
beauchamp,12
accommodate,12
senseless,12
commander,12
disutility,12
basicness,12
manchester,12
characterised,12
involuntary,12
vary,12
drastically,12
ascribable,12
lawyers,12
grow,12
tendencies,12
organs,12
coincide,12
attract,12
gas,12
sight,12
motivate,12
assenting,12
exhibitors,12
invitation,12
antecedent,12
conclusive,12
polytheism,12
lion,12
phil,12
viewing,12
grade,12
licence,12
heat,12
conversation,12
impoverished,12
pleasures,12
perfections,12
spoke,12
contradictory,12
perceives,12
observe,12
waking,12
indicatives,12
causally,12
driver,12
incapacities,12
hobbes,12
comparative,12
mrs,11
lloyd,11
individuate,11
wished,11
indications,11
emotivist,11
individuating,11
consequential,11
clerk,11
burman,11
lover,11
peasant,11
dies,11
inc,11
attending,11
ordinarily,11
mail,11
maintain,11
incapacity,11
fried,11
contracting,11
advertisements,11
eliminated,11
obliged,11
immutable,11
district,11
intuiting,11
requiring,11
alter,11
corrupting,11
straw,11
adikia,11
secret,11
resemble,11
unlawful,11
censor,11
harmed,11
distributor,11
sadistic,11
consisting,11
uttering,11
psychokinesis,11
bearers,11
copies,11
hyperbolical,11
relatedly,11
lawyer,11
grounding,11
illustration,11
exhibit,11
organisations,11
comparability,11
somehow,11
fortiori,11
tlt,11
assess,11
deceiving,11
competitive,11
sphere,11
ford,11
army,11
assign,11
meno,11
medium,11
demonstrative,11
modifications,11
juries,10
postal,10
deploy,10
hair,10
obstacles,10
adventitious,10
commend,10
yaffé,10
guilty,10
deliver,10
necessities,10
combat,10
hour,10
triviality,10
labelled,10
circular,10
generalisations,10
accidental,10
dissociation,10
promote,10
invoke,10
gratitude,10
vindication,10
advertising,10
justifiably,10
liability,10
secured,10
licensed,10
syllogistic,10
ontology,10
isolation,10
reg,10
operating,10
designation,10
prevented,10
hell,10
park,10
conceiving,10
demonstrations,10
corresponds,10
picked,10
avoids,10
concem,10
robinson,10
ineliminable,10
illegal,10
prosecuted,10
impartiality,10
eye,10
exploited,10
attempting,10
fulfilment,10
amoral,10
brody,10
revert,10
elimination,10
elizabeth,10
indubitability,10
speculation,10
undergo,10
enforce,10
whitehouse,10
incontestable,10
fees,10
tomorrow,10
wondered,10
recipients,10
marcion,10
subsequently,10
tortured,10
interfere,10
cat,10
insincerely,10
input,10
spatial,10
conceded,10
kantianism,9
proving,9
resulted,9
insufficiently,9
judicial,9
misguided,9
charged,9
preceding,9
impulse,9
contingencies,9
wiggins,9
councils,9
allocating,9
remembering,9
spontaneity,9
remarking,9
noting,9
edn,9
abolished,9
kip,9
anderton,9
contradict,9
completed,9
twice,9
ascribes,9
sextus,9
guaranteed,9
approved,9
enforcing,9
breakdown,9
sullivan,9
richards,9
psychophysical,9
imagines,9
predication,9
compensation,9
reservations,9
surveys,9
drugs,9
arousal,9
arising,9
hintikka,9
consequent,9
interpersonal,9
vagrancy,9
million,9
scientia,9
identifications,9
whichever,9
identifiable,9
effected,9
representatives,9
supply,9
corruption,9
modelled,9
adapted,9
ruling,9
bias,9
characterisation,9
constitution,9
emotivism,9
constructive,9
receives,9
october,9
footing,9
cumberbatch,9
week,9
recalled,9
lesser,9
dirty,9
regretted,9
muddled,9
preventing,9
maximize,9
clinical,9
singular,9
fresh,9
philo,9
theatres,9
statistical,9
audiences,9
coloured,9
unequally,9
solidity,9
gods,9
pro,9
vérité,9
ban,9
diachronic,9
locus,9
gesture,9
extensional,9
dispositional,9
ataraxia,9
manifestations,9
fortuitously,9
makropulos,9
lords,9
applicable,8
sexually,8
surround,8
restraint,8
epistemically,8
crowd,8
soldier,8
weighs,8
complain,8
cool,8
crops,8
epistemology,8
precedent,8
photographic,8
dummett,8
resort,8
satisfactorily,8
prevention,8
intensional,8
environmental,8
losing,8
constructivism,8
pin,8
horse,8
stuff,8
soho,8
loving,8
ambiguities,8
geach,8
primacy,8
interference,8
constraint,8
sol,8
unending,8
mid,8
attaching,8
extrinsic,8
atoms,8
desiring,8
indictable,8
importation,8
indication,8
indicating,8
burden,8
imported,8
freed,8
outrageous,8
misleadingly,8
receipt,8
inaccessible,8
determinacy,8
cogitatio,8
organized,8
traits,8
determinables,8
emptive,8
weakest,8
frustration,8
explore,8
aggregative,8
monism,8
devlin,8
attributed,8
gallwey,8
blow,8
newspapers,8
initially,8
inherently,8
assessed,8
stating,8
illusory,8
funds,8
transactions,8
rapes,8
infinity,8
overseas,8
recorded,8
consumers,8
unease,8
degradation,8
controversial,8
enquire,8
concentrating,8
laurence,8
refined,8
eudaimonia,8
prohibit,8
harmless,8
beneficent,8
journey,8
curable,8
validly,8
react,8
trials,8
licensee,8
thymoeidic,8
characterising,8
solipsist,8
refuted,8
isolated,8
arriving,8
heracleitus,8
esteem,8
refusing,8
discretion,8
questioning,8
remoteness,8
yellow,8
conducts,8
incoherence,8
laboratory,8
realized,8
welcome,8
cowardly,8
oind,8
exceptionless,8
stev,8
confrontations,8
sophist,8
distress,8
ontologically,8
allegations,8
offenders,8
stay,8
affirm,8
dealer,8
waiting,8
prohibiting,8
statutes,8
ties,8
homes,8
inventor,8
motivating,8
correspond,8
gibieuf,8
reflectively,8
translations,8
vis,8
quia,8
unpalatable,8
dreams,8
rescuer,8
sole,8
susceptible,8
democritus,8
mesland,8
arouse,8
painter,8
logistic,8
homogeneous,8
correlations,8
girls,8
mentioning,8
ferman,7
outweighed,7
exhaustive,7
acquittal,7
prayer,7
fallen,7
unobserved,7
commons,7
specifying,7
flowers,7
witnessing,7
endless,7
spot,7
shadowy,7
considerably,7
exemptions,7
alarm,7
staying,7
ross,7
obj,7
settle,7
enforced,7
partially,7
comprehensive,7
presocratics,7
parallelism,7
impersonally,7
spell,7
unhappy,7
pretending,7
prevail,7
seizure,7
conceptually,7
adjective,7
commanding,7
shed,7
entrenched,7
hyl,7
grading,7
governs,7
optimally,7
forbidden,7
palace,7
promoted,7
unquestionable,7
hypnotist,7
generosity,7
chatterley,7
evidential,7
schlick,7
canons,7
confuse,7
paradigms,7
univocal,7
pab,7
complained,7
envisage,7
fulfilling,7
willingly,7
consumer,7
commanded,7
functionalist,7
immortal,7
entailment,7
examiner,7
genesis,7
privation,7
inferred,7
varied,7
traité,7
relational,7
blush,7
assassinating,7
reducible,7
acknowledges,7
injunctions,7
refraction,7
poll,7
prototype,7
pilot,7
announced,7
eleatic,7
permissions,7
relativized,7
desert,7
labels,7
jesuit,7
weaken,7
veridical,7
user,7
responsive,7
latest,7
legally,7
bodyperson,7
intermediate,7
longford,7
matchstick,7
inter,7
resolving,7
utterer,7
anticipation,7
residual,7
rare,7
doll,7
aut,7
insurance,7
tribunal,7
masked,7
dissociate,7
performative,7
copenhagen,7
rectangle,7
election,7
anxious,7
magistrate,7
indeterminately,7
riding,7
maintained,7
mirrored,7
blasphemy,7
intuitively,7
anna,7
reconciling,7
vols,7
cowardice,7
defendant,7
representational,7
recognisable,7
kantians,7
limbs,7
incommensurability,7
muddle,7
monotheism,7
attained,7
defensible,7
definitely,7
jobs,7
attorney,7
ranges,7
triable,7
sufficiency,7
populace,7
deviant,7
physicist,7
dpp,7
delimited,7
broadcasting,7
regularly,7
viii,7
unwise,7
succession,7
knowingly,7
tricycle,7
disputable,6
legislative,6
sharpening,6
disembodiment,6
onus,6
exercising,6
reinforced,6
unsolicited,6
exercises,6
severally,6
distressed,6
september,6
coward,6
halt,6
thrasymachus,6
reliably,6
conform,6
reliability,6
knower,6
stephen,6
desdemona,6
vulnerable,6
kreisel,6
exclusivity,6
inclusion,6
confess,6
answerable,6
omniscient,6
followers,6
foolish,6
dissatisfied,6
exempted,6
trends,6
preoccupation,6
viewer,6
stability,6
assimilation,6
luther,6
clothes,6
coin,6
destroying,6
con,6
recruited,6
gaining,6
fungus,6
pythagorean,6
detestable,6
externally,6
marital,6
monthly,6
reconsider,6
train,6
sketchily,6
assure,6
smoking,6
reconciled,6
malcolm,6
framed,6
fox,6
management,6
asymmetries,6
devote,6
recalling,6
linda,6
phrastics,6
disaster,6
trading,6
eysenck,6
exhibited,6
privileged,6
transparent,6
disadvantaged,6
giorgione,6
reflexivity,6
violation,6
reflexives,6
push,6
squarely,6
lovelace,6
coincides,6
genital,6
tense,6
visualises,6
client,6
opt,6
assessments,6
australia,6
phrastic,6
simplification,6
lowest,6
offending,6
bentham,6
remainder,6
proximity,6
carneades,6
unreflective,6
defused,6
infliction,6
entailments,6
undecidable,6
milder,6
commented,6
insincerity,6
entertains,6
amended,6
eds,6
anecdotal,6
fillings,6
companion,6
borderline,6
caught,6
respected,6
ease,6
earned,6
passively,6
spirited,6
corner,6
hostilely,6
permanent,6
epistemic,6
offended,6
supremacy,6
whorf,6
immediacies,6
posters,6
indebted,6
inclination,6
peirce,6
obeying,6
inconclusive,6
misgivings,6
buy,6
warriors,6
employment,6
unsuspecting,6
rising,6
caligula,6
impure,6
incurably,6
female,6
suit,6
index,6
building,6
implanted,6
individuality,6
embodying,6
water,6
suffice,6
inescapably,6
fearing,6
compatibly,6
car,6
objectors,6
min,6
arete,6
recognises,6
homosexual,6
occupying,6
validation,6
mechanistic,6
isolate,6
sec,6
hedonistic,6
sophistic,6
counsel,6
abolition,6
flints,6
meantime,6
italy,6
divide,6
hazy,6
completeness,6
hats,6
unjustified,6
predominant,6
judging,6
harmondsworth,6
verified,6
verify,6
portrayed,6
fluid,6
behalf,6
beg,6
sen,6
overridden,6
depiction,6
doney,6
chairman,6
deontic,6
denials,6
positing,6
invokes,6
hesitation,6
blast,6
scotland,6
demonstrate,6
naive,6
named,6
correspondent,6
depicting,6
intuited,6
modal,6
conserve,6
finger,6
fixing,6
heterosexual,6
dagger,5
complication,5
zero,5
desirability,5
fatherhood,5
zestful,5
descendant,5
deriving,5
derivatively,5
uncreated,5
custom,5
declined,5
customer,5
spider,5
decides,5
abominable,5
pleonektes,5
deserves,5
thoroughgoing,5
excuse,5
cumbrous,5
strengthen,5
eccentric,5
entitled,5
duration,5
pas,5
drives,5
equivalence,5
additive,5
correlate,5
errorproof,5
expressly,5
predict,5
unamuno,5
conscientiously,5
dotty,5
sweden,5
connectedness,5
dogs,5
strained,5
effectiveness,5
summarily,5
precede,5
paying,5
contradicting,5
substitutable,5
contradicts,5
praemia,5
pencil,5
contravention,5
enjoyed,5
tum,5
subjectively,5
convenience,5
ensuring,5
eleven,5
pba,5
consultative,5
conventionally,5
pending,5
consult,5
accounted,5
accountant,5
conjunctive,5
disappointed,5
adoption,5
abstracts,5
dioptric,5
pollution,5
concentrates,5
zealand,5
expedient,5
adversarial,5
dialectic,5
conceals,5
crucified,5
concealment,5
stationery,5
deterrent,5
explicable,5
determinant,5
overriding,5
absurdly,5
disinclined,5
accords,5
disintegration,5
evaluated,5
adjusted,5
stimuli,5
countless,5
congenial,5
portrayal,5
distributing,5
distribute,5
conformity,5
confirm,5
steering,5
accidentally,5
exempt,5
admissible,5
disputes,5
disorder,5
tanto,5
appropriateness,5
guardians,5
ancestor,5
uninviting,5
ceasing,5
scenery,5
reduces,5
howitt,5
vitae,5
puzzle,5
huyghens,5
causing,5
hyatt,5
autarkes,5
unquestionably,5
visualiser,5
hypothesi,5
ich,5
amendment,5
motivates,5
whp,5
illegitimate,5
capture,5
captain,5
amoeba,5
refraining,5
prompted,5
awkward,5
listed,5
cancels,5
linear,5
attributiveness,5
honor,5
homme,5
characterizing,5
wingrave,5
chemical,5
selects,5
majesty,5
seizures,5
hat,5
hazard,5
month,5
headedly,5
wilberforce,5
macroscopic,5
recourse,5
helping,5
observing,5
altemative,5
heresy,5
unnatural,5
scq,5
hinder,5
unofficial,5
hitherto,5
schneewind,5
moralities,5
holbrook,5
ionia,5
holder,5
imprisonment,5
lesson,5
anselm,5
betrayal,5
news,5
reparative,5
ist,5
newcastle,5
verbally,5
instituting,5
bestiality,5
verb,5
psychiatric,5
intends,5
interactionism,5
vacated,5
intercourse,5
instantiation,5
repeat,5
bobo,5
interpreters,5
intersection,5
resemblances,5
announce,5
res,5
irresistibility,5
variables,5
bizarre,5
involuntarily,5
ireland,5
nageps,5
newsagents,5
regular,5
upbringing,5
anachronism,5
rehearse,5
banish,5
incorporate,5
increases,5
legislate,5
leg,5
leader,5
northern,5
individuated,5
relaxed,5
pupil,5
revealingly,5
inscrutable,5
anomalies,5
bed,5
remorse,5
mutual,5
punishable,5
belonged,5
influencing,5
jump,5
mystery,5
initiated,5
pulled,5
welsh,5
manoeuvres,5
unperceived,5
bird,5
unfit,5
undernourished,5
clerselier,5
unfamiliar,5
undermined,5
affirmed,5
orthodox,5
unfavourable,5
walking,5
milesians,5
misrepresent,5
opponent,5
mimetic,5
fingers,5
gin,5
agreeable,5
weakening,5
ascriptions,5
ashanti,5
mimsis,5
shorter,5
solitary,5
simplifying,5
clocks,5
readership,5
rationalizations,5
message,5
raw,5
rawlsian,5
agamemnon,5
artefacts,5
cogitans,5
fourteen,5
snowman,5
formulating,5
quiet,5
rationalisation,5
soldiers,5
aggregation,5
collapsed,5
oracle,5
affirming,5
optimal,5
privately,5
randomly,5
realistically,5
fuller,5
assaulting,5
commissioner,5
sexuality,5
presumed,5
maturity,5
associate,5
mathematicians,5
omnipotent,5
spatiotemporal,5
guard,5
guardian,5
materialist,5
reassuring,5
fictitious,5
assistance,5
unintentionally,5
assemblage,5
rabbit,5
vronsky,5
shame,5
figurative,5
outrage,5
maximizes,5
asleep,5
maximized,5
shameful,5
severely,5
uniform,5
profit,5
presupposing,5
kinematics,4
irreducible,4
irreducibly,4
lasted,4
rationalization,4
kataleptic,4
quine,4
pleonekts,4
murderer,4
religiously,4
relativization,4
raids,4
pornographers,4
murdered,4
perspectives,4
tions,4
pull,4
deluded,4
issuing,4
racing,4
misrepresentation,4
deformation,4
portrays,4
quote,4
divisions,4
portsmouth,4
lax,4
defusing,4
isolating,4
sweetness,4
mistakenly,4
plantinga,4
jesuits,4
plea,4
meteors,4
repeats,4
defendants,4
diverted,4
tolerant,4
symposium,4
mystical,4
diversion,4
quantify,4
meta,4
quarterly,4
pyrrhonian,4
threat,4
pyaemia,4
lucid,4
dianom,4
redress,4
texture,4
textbook,4
pxy,4
reappear,4
tentatively,4
dikaiosune,4
threateners,4
modify,4
mechanically,4
lust,4
lxxv,4
disquieting,4
maximal,4
quantitative,4
therapeutic,4
quantified,4
quantification,4
reconciliation,4
detain,4
marry,4
determinants,4
determinates,4
monde,4
designer,4
developmental,4
recover,4
recovery,4
physicalist,4
losses,4
deploring,4
dilemmas,4
refinement,4
denning,4
discrimination,4
technique,4
phenomenal,4
disgusting,4
modem,4
regulate,4
lemmas,4
mentalistic,4
demonstratively,4
displaced,4
petrol,4
meridian,4
multiple,4
multiply,4
meinongian,4
marcus,4
discountable,4
mediated,4
depicts,4
locations,4
mouse,4
purported,4
philosophische,4
loc,4
reformers,4
discontented,4
depicted,4
refrains,4
links,4
linking,4
discarded,4
phenomenalists,4
discredit,4
outweigh,4
survives,4
officer,4
services,4
exceptionlessly,4
stepping,4
stems,4
parallels,4
excise,4
omitting,4
executive,4
stealing,4
exemplify,4
proceeded,4
shaky,4
gricean,4
gresham,4
greenwich,4
grass,4
grasps,4
opened,4
shock,4
paradigmatic,4
glib,4
excellences,4
examines,4
obscures,4
paraphrase,4
predecessor,4
equates,4
equity,4
stressing,4
strengthening,4
occult,4
esoteric,4
hierarchy,4
heuristic,4
strangle,4
predicts,4
heated,4
etymological,4
eudaimonistic,4
evaluate,4
evaluations,4
selecting,4
exaggerate,4
harmoniously,4
oedipus,4
parasitic,4
prehistoric,4
gilson,4
gettier,4
opportunities,4
forgetting,4
fabric,4
facto,4
faecal,4
flows,4
sometime,4
flavour,4
fitted,4
fission,4
falsified,4
falsity,4
fanaticism,4
orthodoxy,4
filmed,4
spinozist,4
oughts,4
spending,4
fat,4
outlet,4
specialising,4
spectators,4
squeamishness,4
formerly,4
organ,4
singing,4
gestured,4
exorcising,4
gestaltist,4
preparing,4
generalized,4
expedition,4
simultaneously,4
station,4
experiencing,4
fungi,4
slogan,4
orange,4
expertise,4
prescribed,4
ordinal,4
explicitness,4
exploit,4
exploiting,4
fulfilled,4
frivolity,4
observational,4
scenario,4
investigators,4
summing,4
retail,4
nias,4
inhabitants,4
inform,4
eleatics,4
inflammable,4
protagoras,4
suitability,4
inferential,4
federal,4
nonrelative,4
nonsensical,4
ineptum,4
reversed,4
reviewing,4
induce,4
proponents,4
embarrassed,4
eminently,4
indifferentism,4
noteworthy,4
eight,4
inoffensive,4
episodically,4
egalitarian,4
invention,4
intuitionists,4
narrations,4
request,4
interventions,4
intervene,4
interrelations,4
psychopath,4
interfered,4
resistible,4
postulated,4
resolute,4
performatory,4
intelligibly,4
respondents,4
eat,4
eating,4
edinburgh,4
editors,4
responsibly,4
restrained,4
ridicule,4
substitutes,4
incurs,4
empiricus,4
enjoyment,4
imperfections,4
precautions,4
pbc,4
impasse,4
obligatory,4
sadism,4
sado,4
illustrating,4
entering,4
sailors,4
enters,4
sales,4
salò,4
hyperaspistes,4
entrance,4
hylas,4
sanctions,4
husbands,4
environments,4
stringency,4
impersonality,4
submission,4
submit,4
encountering,4
employing,4
propelled,4
rival,4
inconsistencies,4
deducing,4
robbery,4
nous,4
subsidiary,4
incite,4
nudity,4
subordinate,4
incautiously,4
subscribing,4
endures,4
obeys,4
pray,4
roundabout,4
routes,4
impossibile,4
objecting,4
river,4
failings,4
trustee,4
censoring,4
trevelyan,4
wake,4
cleanthes,4
altruist,4
unprejudiced,4
xenophanes,4
trio,4
tripartite,4
unfairly,4
alteration,4
copied,4
cave,4
wronged,4
clinic,4
aggression,4
clockwork,4
convict,4
betrayed,4
warranted,4
closing,4
cmnd,4
unqualified,4
convenient,4
bills,4
approving,4
contravenes,4
blankly,4
contraction,4
uneasily,4
courageous,4
acknowledgement,4
annihilation,4
vetting,4
authoritative,4
cultivating,4
avenue,4
academy,4
transcendentally,4
transform,4
viewpoint,4
backed,4
backwards,4
wager,4
transitivity,4
transmission,4
ascetic,4
amputated,4
baffled,4
baffling,4
cricket,4
anew,4
credibile,4
credentials,4
articulated,4
whorfian,4
waive,4
ceremonies,4
waived,4
crass,4
bargaining,4
treatises,4
wickedness,4
contra,4
continuation,4
absorbing,4
uncensored,4
unclarities,4
concedes,4
concealing,4
apology,4
unconditioned,4
cancel,4
antecedents,4
wireless,4
compound,4
brute,4
builders,4
complications,4
affecting,4
colours,4
buried,4
competitiveness,4
combatants,4
anthropologists,4
affront,4
afternoon,4
underlies,4
comfortable,4
withdraw,4
unstable,4
unsound,4
committing,4
calculative,4
commensurable,4
aggregate,4
collect,4
advertisement,4
apprehension,4
confident,4
van,4
wotan,4
catalogue,4
contentment,4
undone,4
valley,4
casual,4
blown,4
winner,4
tyrant,4
adikos,4
casts,4
constitutional,4
constable,4
admire,4
utopianism,4
applicant,4
botanical,4
adultery,4
cogitationes,4
unanimity,4
appetites,4
unanimous,4
cognition,4
urinary,4
conformable,4
appearing,4
akrasia,4
unavoidable,4
augustine,4
aggregations,4
attractions,4
uninterested,4
christina,4
traceable,4
charted,4
assimilates,4
volunteered,4
analysing,4
astronomy,4
attraction,4
volunteers,4
tool,4
dancing,4
zettel,4
universals,4
volunteer,4
audited,4
attends,4
reckon,3
endeavour,3
enforceable,3
imprecise,3
fluctuations,3
wingraves,3
blind,3
officially,3
continuum,3
intra,3
participant,3
faire,3
mainstream,3
varies,3
attacking,3
subservient,3
substantiate,3
salt,3
contravene,3
contrapositively,3
repulsiveness,3
delusion,3
blasphemer,3
intuitionistic,3
riders,3
vanishingly,3
intriguing,3
attainments,3
cockburn,3
wistrich,3
categorially,3
reconsidered,3
wives,3
misinformed,3
vanish,3
seldom,3
skeletal,3
maintaining,3
construing,3
factually,3
tyrannical,3
squad,3
assimilating,3
predictive,3
consume,3
blushing,3
tyres,3
slim,3
missionaries,3
profitable,3
entered,3
resign,3
subconsciously,3
complexly,3
stupidity,3
entertainments,3
internalised,3
facing,3
resignation,3
enquiring,3
saintly,3
predications,3
volitions,3
substitution,3
tip,3
maker,3
misplaced,3
submitting,3
predictable,3
announcement,3
volition,3
announces,3
sketching,3
ofjustice,3
enid,3
identificationdependence,3
pluralist,3
adeimantus,3
enjoins,3
contemporaneous,3
contemplation,3
validating,3
bullied,3
hart,3
emilia,3
functionally,3
recording,3
convicting,3
actors,3
hurts,3
fancied,3
arbiter,3
demons,3
repeal,3
wills,3
nonnatural,3
madmen,3
debase,3
summed,3
inculcation,3
improving,3
familiarly,3
miracle,3
incur,3
summarised,3
paternalistic,3
pyrrhonists,3
preceded,3
hungry,3
isaiah,3
wrongness,3
supernatural,3
checking,3
superiors,3
rebuttal,3
uncut,3
east,3
defect,3
truisms,3
decreased,3
fanny,3
sanity,3
competing,3
japanese,3
ranked,3
mimesis,3
wamock,3
hall,3
pyrrhonism,3
proportional,3
wild,3
patent,3
winch,3
chimera,3
misery,3
falsifiable,3
offends,3
oppressive,3
pasolini,3
repression,3
coat,3
moors,3
coats,3
subtly,3
investigating,3
passionately,3
misfortunes,3
hypothesise,3
blacks,3
inventing,3
hypothetically,3
emigrated,3
complaining,3
compliance,3
contributing,3
succeeding,3
preconceptions,3
converge,3
sample,3
elected,3
conventionality,3
irritated,3
electorate,3
singapore,3
riot,3
flogged,3
masochistic,3
irresistibly,3
falsifying,3
actuality,3
prosecutors,3
irrationally,3
ironically,3
eliminating,3
unemotional,3
sufferer,3
hypnotism,3
succumbed,3
naming,3
aeternitatis,3
vacuously,3
resigning,3
anoxia,3
retire,3
overthrowing,3
welded,3
unattractive,3
excess,3
infringe,3
tortuous,3
confining,3
breadth,3
cancellable,3
astronomical,3
manichean,3
prescribe,3
expressible,3
impeded,3
expounding,3
sodom,3
executions,3
opaque,3
winter,3
unwillingly,3
steven,3
monads,3
bradley,3
harmlessly,3
pac,3
stir,3
sacrificing,3
cognitivist,3
innateness,3
tolerate,3
snell,3
anomalous,3
evoked,3
upside,3
que,3
owns,3
immutability,3
exterior,3
outlets,3
compounded,3
inhibit,3
formative,3
breaches,3
steadily,3
fool,3
degrading,3
nonphilosophical,3
manifestation,3
inequitable,3
advise,3
exploits,3
expanded,3
concems,3
asymmetrical,3
compression,3
forcing,3
prize,3
inertia,3
unclearly,3
ruler,3
advised,3
unwitnessed,3
presocratic,3
soliciting,3
recognisably,3
ruined,3
unconnected,3
undertakings,3
revolve,3
implicatures,3
capricious,3
conducting,3
russian,3
briinnhilde,3
conduced,3
retreats,3
prescriptive,3
manicheanism,3
forfeited,3
defuser,3
exposing,3
stature,3
uncertainties,3
overlooking,3
uncertificated,3
underwear,3
infallible,3
apologetic,3
col,3
solace,3
compressible,3
stockholm,3
preparatory,3
slips,3
integrally,3
wolf,3
professionalism,3
misuse,3
equated,3
misused,3
misuses,3
alias,3
safeguards,3
deleterious,3
equivalently,3
illness,3
paradoxographer,3
pretence,3
respectability,3
safeguard,3
illustrative,3
anaximander,3
strenuous,3
instruction,3
imaged,3
consolation,3
deliberated,3
eroticism,3
freewill,3
prohibitions,3
struggled,3
manson,3
impoverishment,3
resists,3
constituting,3
toleration,3
constituent,3
interchangeably,3
envisaged,3
buggery,3
cashed,3
resolves,3
olds,3
epicurean,3
interaction,3
utters,3
stringent,3
unreasoned,3
annoyed,3
extravagantly,3
applicability,3
fold,3
appetite,3
imitation,3
marquis,3
inseparability,3
insensitivity,3
conjunctions,3
stories,3
store,3
prorsus,3
imitative,3
unregenerate,3
usefulness,3
insanity,3
unanswerable,3
manager,3
resulting,3
appendices,3
packets,3
packet,3
stoic,3
boyer,3
imposes,3
annual,3
modalities,3
omission,3
anaxagoras,3
smile,3
escaping,3
consenting,3
fragile,3
bothered,3
unanalysable,3
instantly,3
users,3
wayward,3
qualifies,3
cartel,3
restrain,3
bottleneck,3
establishes,3
definable,3
carne,3
extracted,3
recapture,3
omnipotence,3
natives,3
nastiness,3
posse,3
disingenuous,3
depraving,3
fighting,3
directing,3
figaro,3
perverse,3
sorrow,3
temporally,3
unlimited,3
newly,3
portman,3
bafflement,3
antique,3
sorbonne,3
disallowed,3
measurement,3
optimific,3
cries,3
registered,3
televised,3
incitement,3
disbelief,3
dinner,3
newsagent,3
diminished,3
viewers,3
differentially,3
heredity,3
mctaggart,3
meal,3
derek,3
calculus,3
pornographer,3
reassure,3
terrestrial,3
tenuous,3
cheerful,3
oath,3
peter,3
heretic,3
amsterdam,3
unseat,3
criticizing,3
tending,3
limb,3
incarnated,3
anecdote,3
cricketers,3
yeats,3
medieval,3
victory,3
commonplaces,3
regulating,3
shifted,3
wheare,3
leibnizian,3
abroad,3
band,3
deplorable,3
reidentification,3
proximate,3
disguised,3
prudent,3
specifications,3
golden,3
bennett,3
hired,3
godwin,3
clairvoyance,3
reincarnation,3
les,3
ball,3
registers,3
specie,3
commissioning,3
artistically,3
libel,3
discharge,3
specialised,3
disclaims,3
calculable,3
inclinations,3
levers,3
lever,3
undergoes,3
specifiable,3
chains,3
discounted,3
levelled,3
unobvious,3
tonight,3
videre,3
inclines,3
neurosis,3
mcdowell,3
gravity,3
derivable,3
detected,3
cinemagoing,3
desperately,3
cinematic,3
curbs,3
authoritatively,3
redundant,3
commended,3
curbing,3
automata,3
looseness,3
propel,3
nobel,3
max,3
referential,3
theorizing,3
lonely,3
cumulatively,3
luckily,3
cultivate,3
referentially,3
desist,3
reductionist,3
commensurability,3
designates,3
absorbed,3
materially,3
loyal,3
sorry,3
thousand,3
inapplicable,3
healthy,3
australian,3
guessed,3
undergone,3
secretaries,3
phlogiston,3
southern,3
curve,3
thoroughness,3
analogously,3
fix,3
desirably,3
thirteen,3
guides,3
reappeared,3
maximization,3
liquor,3
henry,3
nicomachean,3
inadequately,3
yesterday,3
chanut,3
providence,3
thales,3
dianomis,3
reception,3
accessibility,3
newtonian,3
diagnosed,3
nun,3
circumstance,3
listing,3
romans,3
fills,3
dictionary,3
dicto,3
commentaire,3
greatness,3
theaetetus,3
transcends,3
visible,3
deutsch,3
fines,3
deterred,3
tranquillity,3
nourished,3
secrecy,3
spaces,3
ancients,3
detrimental,3
lucretian,3
orc,3
reformation,3
nub,3
theatrical,3
chaotic,3
deviation,3
opting,3
phronesis,3
seat,3
locally,3
devoting,3
schopenhauerian,3
implanting,3
withdrawing,3
weather,3
sickness,3
obstinate,3
roth,3
arist,3
doubtfulness,3
projectively,3
religions,3
acquiesce,3
cheer,3
verse,3
organise,3
penalty,3
songs,3
projection,3
poisoning,3
corrigibility,3
faster,3
masturbation,3
dreamed,3
dreamers,3
correspondents,3
xii,3
arithmetic,3
powerless,3
sophism,3
ghostly,3
arms,3
angled,3
reinforce,3
knocking,3
ghana,3
divorced,3
rationalized,3
syllogism,3
trace,3
beating,3
clean,3
swept,3
flint,3
spencer,3
psychopathic,3
undeniable,3
hopefully,3
rationalise,3
toys,3
dreamless,3
karenina,3
dressed,3
verificationism,3
generously,3
beneficial,3
coronet,3
cornwall,3
clerical,3
dummy,3
peeping,3
natures,3
renders,3
jordan,3
fashion,3
jonathan,3
africa,3
defeats,3
wiener,3
dwelling,3
hours,3
renounced,3
prayers,3
supp,3
norms,3
micro,3
macbeth,3
penal,3
drift,3
methodology,3
geographical,3
butt,3
befalls,3
driving,3
penalise,3
dropped,3
geodesic,3
beforehand,3
surplus,3
nazis,3
remotely,3
unprepared,3
drug,3
justifiable,3
ritual,3
drunk,3
horton,3
jurors,3
knuller,3
divisional,3
assisted,3
lapsed,3
posting,3
rea,3
displace,3
def,3
fellows,3
shorthand,3
cratylan,3
disproof,3
disproportionately,3
arrest,3
depict,3
psychiatrists,3
lawfully,3
nonetheless,3
felled,3
arousing,3
disquiet,3
princess,3
physique,3
diverting,3
barrel,3
vico,3
arrow,3
nos,3
certificated,3
goal,3
clairvoyant,3
nerve,3
underdetermines,3
glover,3
travelled,3
certified,3
certification,3
dismissal,3
gwil,3
reintroduction,3
tangible,3
reacting,3
talks,3
yard,3
shortage,3
schiffer,3
schematized,3
disparate,3
lean,3
lapses,3
roberval,3
merges,3
distinctness,3
sympathise,3
feats,3
semantically,3
habitual,3
battle,3
compassion,3
ladies,3
synchronic,3
arouses,3
symptoms,3
compassionate,3
clarify,3
couple,3
picot,3
clarifying,3
clash,3
censored,3
treatments,3
uninterestingly,3
incomparably,3
distancing,3
achilles,3
amend,3
relativistically,3
postures,3
defeated,3
bayle,3
performer,3
gibbens,3
prince,3
anticipating,2
roy,2
mould,2
anticipate,2
impress,2
antecedently,2
implemented,2
callous,2
canada,2
calvinist,2
calmly,2
caligulan,2
impractical,2
imputes,2
inaccessibility,2
weightless,2
roughness,2
inaction,2
weighted,2
unsayable,2
imprint,2
selfinterested,2
tonic,2
implicature,2
importuned,2
imposition,2
imprudent,2
prostitutes,2
cancellation,2
homosexuals,2
negations,2
schauer,2
homogeneity,2
segregation,2
schedule,2
homeric,2
homage,2
schedules,2
holistic,2
holidays,2
censured,2
centrality,2
neighbouring,2
angels,2
segregated,2
schofield,2
net,2
negated,2
honey,2
certitude,2
honoured,2
nomothets,2
natura,2
unproblematic,2
cavell,2
hosts,2
naturist,2
satyrs,2
savant,2
saves,2
scales,2
neat,2
hopi,2
scandinavian,2
neatness,2
wet,2
seizing,2
unpopulated,2
hire,2
certum,2
cancelling,2
newspaper,2
ancillary,2
seaboard,2
searched,2
hellfire,2
hellenistic,2
chaos,2
seated,2
prototypes,2
chap,2
characterisations,2
heaviest,2
heavens,2
unmitigated,2
nobleman,2
nobody,2
unlocated,2
charm,2
hereditary,2
seductive,2
hilary,2
heretical,2
segregate,2
scpr,2
segal,2
unobjectionable,2
challenges,2
hicklin,2
hibiscus,2
unnerved,2
unmysterious,2
whence,2
champion,2
sefton,2
provincial,2
scruple,2
newnham,2
hazardous,2
proselytising,2
sapiens,2
hudson,2
hath,2
muscle,2
sacrificial,2
punished,2
mutilation,2
unreflectively,2
carnap,2
anatomy,2
sadness,2
cars,2
harmonize,2
puncture,2
unreflectingly,2
cartesians,2
safer,2
illicit,2
illegitimacy,2
sagesse,2
announcing,2
muscles,2
impart,2
hugh,2
murderers,2
impious,2
harmonious,2
cannot,2
impinge,2
antagonism,2
rumours,2
purified,2
multi,2
anscombe,2
impending,2
anoxic,2
munitz,2
impede,2
check,2
selfdeception,2
captured,2
impartially,2
selections,2
unreality,2
pulling,2
harmonizing,2
hypocritically,2
nameless,2
nonaccidentally,2
catered,2
cathartic,2
pudendum,2
cats,2
annan,2
wertheimer,2
causality,2
unproductive,2
cavalier,2
hussey,2
hateful,2
cavalierly,2
husband,2
humiliation,2
weltbild,2
prostitution,2
categorise,2
nails,2
sainsbury,2
iff,2
mythical,2
whimsical,2
méthode,2
identificatory,2
unjustification,2
catches,2
pudet,2
idealists,2
harrod,2
idealisation,2
catching,2
ice,2
categorically,2
ian,2
deducible,2
respondent,2
inanimate,2
calder,2
articulation,2
legacies,2
leeway,2
leeds,2
ledge,2
learns,2
reintroduced,2
leaning,2
leadership,2
vexed,2
barbarous,2
arrangement,2
lawful,2
barest,2
relapsing,2
barnes,2
barred,2
relativisation,2
languageusing,2
lands,2
relativists,2
lamentably,2
relativities,2
relativize,2
barring,2
legalistic,2
banning,2
readings,2
lessening,2
libertarians,2
wait,2
realising,2
lexicographic,2
baillet,2
bakst,2
regrettable,2
artisans,2
letterpress,2
balancing,2
balfour,2
ballet,2
meegeren,2
lens,2
lend,2
leiden,2
legitimating,2
legislature,2
reidentify,2
bandura,2
banishes,2
artificiality,2
legislated,2
banishment,2
labours,2
relativizing,2
laboured,2
juan,2
rating,2
kap,2
remit,2
rates,2
beggingly,2
vermazen,2
mice,2
jurisdiction,2
belvedere,2
bench,2
beneficiary,2
rapist,2
beetles,2
milesian,2
renounce,2
benjamin,2
joan,2
jewish,2
archimedean,2
militate,2
milk,2
waming,2
reorganisation,2
jealousy,2
arguably,2
beeckman,2
meritocracy,2
kissing,2
rationing,2
vessel,2
kreuz,2
bbfc,2
kranz,2
released,2
armstrong,2
knowers,2
knowable,2
knocked,2
knight,2
kiss,2
remedy,2
verstand,2
bearer,2
kiq,2
bearings,2
kinematograph,2
kindred,2
kindness,2
kinaesthetic,2
kiefer,2
beck,2
walk,2
registering,2
libidinous,2
aryanism,2
lxxi,2
madness,2
vlastos,2
macro,2
records,2
massacring,2
attenuated,2
lynch,2
lxxxv,2
lxxxii,2
matches,2
lxxvi,2
lxii,2
attendant,2
recruitment,2
vividness,2
rectificatory,2
vow,2
vitiated,2
rectilinear,2
materialise,2
recur,2
assents,2
recursive,2
materialistic,2
masochism,2
vocal,2
auditorium,2
mandamus,2
assurances,2
assures,2
assisting,2
markers,2
map,2
manufacturers,2
recast,2
mansfield,2
manoeuvre,2
recognitions,2
recoiling,2
marking,2
magician,2
ate,2
mammal,2
mallet,2
assistant,2
recommending,2
marrying,2
malebranche,2
athens,2
assignment,2
atrocities,2
attachments,2
redescription,2
redoubt,2
licences,2
axe,2
loaded,2
awaiting,2
awarded,2
asceticism,2
vindicated,2
litmus,2
literate,2
awfulness,2
listeners,2
awkwardly,2
lisa,2
villains,2
violated,2
refuting,2
backs,2
limitlessness,2
regain,2
meaningfully,2
lift,2
ascertainable,2
lichtenberg,2
measurable,2
licenses,2
regime,2
loaf,2
localities,2
reassess,2
reduplicated,2
mathematica,2
visualisings,2
lovely,2
authorised,2
loud,2
reductio,2
authorising,2
reductionism,2
lorry,2
mature,2
lore,2
loopholes,2
locality,2
visitor,2
logische,2
refinements,2
assassination,2
virtual,2
asia,2
violently,2
locating,2
locates,2
aversions,2
violates,2
jealous,2
jaundice,2
warm,2
weakens,2
infants,2
quarrels,2
inextricably,2
monetary,2
moneyed,2
inexplicit,2
updated,2
inertial,2
inert,2
revelatory,2
appallingly,2
unworkable,2
retrial,2
reviewed,2
inegalitarian,2
brooklyn,2
revise,2
ineducable,2
quantifying,2
apologise,2
revived,2
weakly,2
revolting,2
monomania,2
infatuated,2
appals,2
brown,2
breach,2
modifying,2
innocuous,2
innocently,2
retailer,2
injured,2
bradford,2
initiate,2
upsurge,2
retention,2
inhibitions,2
inhibition,2
quashed,2
bribed,2
ingredient,2
upsets,2
quarter,2
influentially,2
breaks,2
breast,2
retreated,2
inflict,2
inflexible,2
retreating,2
infers,2
brothers,2
unwillingness,2
boyars,2
unsuccess,2
butcher,2
butler,2
inconvenient,2
unsupported,2
buying,2
pyrrho,2
incompressible,2
incompleteness,2
robbed,2
incompatibility,2
incomparable,2
mortal,2
morin,2
unsold,2
roger,2
wedge,2
calculated,2
rolls,2
mothers,2
incentive,2
calcutta,2
putatively,2
inattention,2
inappropriately,2
businesses,2
mores,2
individuates,2
anxiously,2
apollonius,2
monotony,2
quantifiable,2
monstrous,2
reworking,2
qualifying,2
wealthier,2
richly,2
wears,2
pythagoreans,2
moods,2
bundled,2
rings,2
indianapolis,2
burdened,2
unwanted,2
unusually,2
untranslated,2
indefiniteness,2
indefensible,2
untiring,2
moralising,2
incursion,2
antwort,2
inordinately,2
inscription,2
minimise,2
wary,2
misdistribution,2
misdistributions,2
vaster,2
miserable,2
bitterness,2
blackmail,2
blackness,2
invasion,2
invariant,2
invaluable,2
rack,2
reputable,2
billiard,2
vanishing,2
intuit,2
intrusion,2
repute,2
vanishes,2
wasserstrom,2
intransigent,2
intractable,2
races,2
rerum,2
blindness,2
binary,2
ira,2
valued,2
raisons,2
ity,2
bermerkungen,2
randomizing,2
repay,2
ithaca,2
iteration,2
ministers,2
berwick,2
venereal,2
velocity,2
mir,2
island,2
radio,2
isaac,2
aquinas,2
aptly,2
mirroring,2
replaceable,2
irresponsible,2
irresponsibility,2
misapplied,2
approximate,2
vatier,2
misdirected,2
misplace,2
interviewer,2
insecurity,2
apples,2
mistrust,2
bookstalls,2
intemalized,2
intellection,2
misusing,2
waxwork,2
boringness,2
bormann,2
insubstantial,2
instructed,2
selfishness,2
apple,2
intensionally,2
instantiated,2
instantaneously,2
bounded,2
restraints,2
boundless,2
modermn,2
insignificant,2
insidious,2
bourdin,2
modernise,2
modernised,2
bondage,2
intentionality,2
waters,2
validated,2
intervening,2
blood,2
resembled,2
interval,2
resembling,2
misrecognition,2
interruptions,2
misremember,2
reside,2
misremembering,2
appreciates,2
misrepresents,2
interbreed,2
internalized,2
valet,2
interim,2
interfering,2
bodied,2
vacuo,2
boldness,2
mistranslated,2
resoluteness,2
resolutions,2
mistreated,2
selfishly,2
margolis,2
cheerfully,2
port,2
esp,2
escapes,2
consequentia,2
pornotopia,2
consequentialists,2
perverted,2
paradigmatically,2
pervert,2
unallocated,2
cheerfulness,2
stresses,2
prefigured,2
accompanies,2
erkenne,2
dir,2
stretch,2
stretched,2
equivocal,2
adolescents,2
portions,2
worthwhileness,2
equitable,2
admires,2
directs,2
prejudge,2
prejudging,2
theistic,2
accidents,2
diet,2
painlessly,2
prentice,2
testament,2
differentiate,2
unanimously,2
crooks,2
diffidence,2
etiolated,2
pairs,2
stoutly,2
palatable,2
espousing,2
accommodated,2
strands,2
crook,2
strangely,2
establishments,2
unanalysed,2
prejudiced,2
tenses,2
conquest,2
esse,2
strangles,2
paralysed,2
paramount,2
paranoia,2
contemplating,2
predisposed,2
adikei,2
temperamental,2
entailing,2
adhere,2
container,2
cricketing,2
subjectivists,2
discard,2
typology,2
enquirers,2
predictably,2
unacceptability,2
subjektlos,2
enjoying,2
accretions,2
sublimely,2
enigmas,2
submerged,2
enhanced,2
engrossing,2
typeperson,2
contention,2
engendering,2
construe,2
constructively,2
stun,2
stuffy,2
conspiracies,2
dirt,2
criminals,2
epicurus,2
epicureans,2
pervades,2
strip,2
parasites,2
transpire,2
disagreeableness,2
adjusting,2
portray,2
striving,2
constituents,2
accompanying,2
disanalogy,2
adjudicating,2
constrain,2
accomplish,2
entities,2
entirety,2
enticing,2
constricted,2
evaluational,2
diese,2
evangelical,2
explication,2
wollheim,2
prestigious,2
compressed,2
advisory,2
expose,2
outraged,2
starvation,2
exploiters,2
comprise,2
exploitative,2
advising,2
explicated,2
overheard,2
expletives,2
outraging,2
outsiders,2
popkin,2
outweighing,2
thames,2
conceding,2
outweighs,2
exorcist,2
presentations,2
exit,2
uncontentious,2
wolfenden,2
diagnosing,2
staked,2
affirmative,2
affective,2
faithful,2
faimess,2
plot,2
springs,2
oshima,2
yorker,2
complied,2
pretends,2
compliment,2
deutscher,2
comply,2
develops,2
periodicals,2
oup,2
devil,2
cruder,2
crucially,2
aerofoil,2
presumptively,2
outdated,2
devout,2
overestimate,2
prescriptivist,2
evaporated,2
oxen,2
overthrow,2
overtly,2
conforming,2
stevas,2
confound,2
unasserted,2
transfixed,2
adverse,2
congratulation,2
owner,2
yellowness,2
evolve,2
exigent,2
testimony,2
oxygen,2
congress,2
paa,2
everyman,2
eventuate,2
testamentary,2
crosland,2
diels,2
evenly,2
preparedness,2
preposterousness,2
confirming,2
exchanged,2
prerogative,2
dianome,2
overlaid,2
exhort,2
conceptualized,2
conceptualizing,2
overlapping,2
overlaps,2
overlooks,2
conditionally,2
advisable,2
prescription,2
diary,2
advertise,2
exemplifying,2
wooden,2
exemplifies,2
conferences,2
oversight,2
execute,2
conficting,2
excursions,2
excursion,2
transferred,2
engelmann,2
engages,2
predicative,2
practised,2
perpetual,2
pragmatically,2
posteriori,2
surroundings,2
surveyed,2
corrected,2
correction,2
drinks,2
tango,2
penalised,2
correlative,2
dramatically,2
disorderly,2
practicality,2
trimming,2
dismisses,2
suspend,2
suspending,2
suspicions,2
dover,2
trim,2
sway,2
cortez,2
swear,2
disjuncts,2
drowned,2
drowning,2
drugged,2
supplemented,2
supplied,2
dutch,2
creativity,2
dusk,2
persecution,2
acquitted,2
durationless,2
acquit,2
supporter,2
persecute,2
supporters,2
cornell,2
acquiesces,2
disjoint,2
posted,2
disjunct,2
peircean,2
pejoratively,2
dubiety,2
surrogate,2
praising,2
trash,2
disordered,2
sweeping,2
supervision,2
cramp,2
symptom,2
couples,2
courageously,2
peremptory,2
cov,2
covertly,2
pot,2
distinguishable,2
distantly,2
synonymous,2
synopsis,2
achillean,2
powered,2
dissimilar,2
performs,2
perfunctory,2
disrepute,2
systematising,2
systematization,2
systematize,2
systematizing,2
peril,2
disputandum,2
disqualified,2
disturbances,2
county,2
achievable,2
diverge,2
talent,2
dolls,2
sweets,2
xxviii,2
cottingham,2
dispel,2
permanently,2
pensée,2
ache,2
pour,2
divorce,2
dispense,2
tribal,2
symbolically,2
peoples,2
divides,2
perceiver,2
dispiriting,2
peritrope,2
symmetry,2
trevor,2
percent,2
divergently,2
dynamic,2
possessor,2
parte,2
predator,2
emigration,2
emerging,2
emergency,2
substitutions,2
embracing,2
embraced,2
contributors,2
discontinuity,2
crete,2
teeth,2
pose,2
discoverable,2
controllable,2
discovers,2
tune,2
subtract,2
partners,2
subtraction,2
adapting,2
elucidations,2
discreet,2
elixir,2
elitist,2
passivity,2
teiresias,2
contravening,2
particulate,2
empires,2
twitch,2
continual,2
wound,2
participate,2
endowment,2
subscriptions,2
endorse,2
subservience,2
encompassed,2
subset,2
ences,2
enacting,2
twaddle,2
enabling,2
persuasions,2
emptively,2
tutankhamen,2
discerning,2
discharged,2
persuades,2
discomfiture,2
contradistinction,2
contraposition,2
accumulate,2
precipitate,2
dishonesty,2
disgrace,2
egocentric,2
convicted,2
efficacious,2
disembarrassed,2
trusts,2
trusting,2
suny,2
pawned,2
tea,2
super,2
disentangle,2
edges,2
teenage,2
activated,2
economists,2
payment,2
payments,2
acrophobia,2
troubled,2
easiest,2
pcc,2
tcmporal,2
taxed,2
peak,2
conveys,2
egoistically,2
summons,2
actress,2
discrepancy,2
suffices,2
precepts,2
creeping,2
eligible,2
precept,2
conveniently,2
suicides,2
conventionalised,2
conventionalist,2
electro,2
electors,2
patch,2
convergence,2
conversational,2
summa,2
eine,2
pathology,2
discriminations,2
summarized,2
persists,2
conversations,2
credited,2
affirms,2
transcendentales,2
wittgensteinians,2
giver,2
classifying,2
shrinks,2
amartya,2
aman,2
tin,2
observes,2
wie,2
prolongation,2
pocket,2
obsessional,2
sicily,2
poet,2
demeaning,2
clearness,2
siegmund,2
geography,2
tim,2
prohibits,2
occasioned,2
signalled,2
unfairness,2
debased,2
pinned,2
classifies,2
widen,2
fruitfully,2
glamorisation,2
goers,2
objectum,2
goddess,2
debeaune,2
glued,2
deliverance,2
shopkeeper,2
glossary,2
clairvoyantly,2
globally,2
plainer,2
promotion,2
glimpsed,2
promotes,2
clap,2
glc,2
glaucon,2
glasses,2
amendments,2
tion,2
whyte,2
shortness,2
obscenities,2
signified,2
unfailing,2
generals,2
signifies,2
allocate,2
thrust,2
furthermore,2
furthering,2
windows,2
throwing,2
furley,2
progressed,2
cobbler,2
allan,2
departmental,2
cobblers,2
alienates,2
uneasiness,2
fulfilments,2
cockiness,2
traces,2
une,2
fulfil,2
fulcrum,2
sizes,2
dash,2
programmatic,2
unemployed,2
gallup,2
sings,2
altematives,2
generalize,2
alterations,2
unexpectedly,2
similes,2
abhorrent,2
gelernt,2
gegebene,2
occupier,2
simplicius,2
pilots,2
demonstratives,2
allocates,2
tidiness,2
demure,2
pointfully,2
pointlessness,2
closes,2
closure,2
garland,2
progression,2
abolishing,2
cmd,2
unger,2
debt,2
gorgias,2
unimaginative,2
habe,2
propels,2
gustibus,2
notation,2
plempius,2
unintended,2
chrysippus,2
deficiencies,2
guild,2
chs,2
guidance,2
notices,2
deficiency,2
analysed,2
sexism,2
definitively,2
gueroult,2
pleasurable,2
guelincx,2
anal,2
whiteness,2
tokenreflexive,2
gruff,2
servants,2
whistling,2
analytic,2
anatomically,2
selon,2
chemist,2
hardened,2
sender,2
haphazard,2
universalization,2
universality,2
prosecute,2
sensing,2
universalisation,2
abandonment,2
serial,2
sentiendo,2
nontranscendental,2
deemed,2
abandons,2
hamlet,2
sentry,2
default,2
unitary,2
noone,2
pleonekte,2
noumenal,2
grouped,2
amnesia,2
unimaginable,2
platonism,2
grander,2
amplified,2
grammatik,2
tortures,2
citizenly,2
gradual,2
ample,2
citizenry,2
grades,2
sheep,2
pluralised,2
wholeheartedly,2
grabs,2
civilised,2
amoebae,2
âme,2
titillation,2
titillating,2
shelter,2
delimit,2
objectivism,2
shelves,2
granting,2
deliberates,2
delegation,2
circulated,2
declaration,2
pleases,2
pleasantly,2
grimly,2
pleading,2
griffiths,2
shaken,2
amused,2
grievance,2
prop,2
plead,2
unhelpfully,2
tltb,2
greetings,2
degrades,2
decidable,2
plunder,2
greediness,2
circumvent,2
tlr,2
tively,2
delays,2
undress,2
sinn,2
frozen,2
flout,2
flourished,2
com,2
floating,2
destructively,2
flipping,2
optics,2
combining,2
flight,2
flickering,2
prisoners,2
absurdum,2
fleeting,2
flat,2
underground,2
prison,2
fixation,2
withdraws,2
commendations,2
prise,2
orbit,2
printing,2
filth,2
orderly,2
desolation,2
colvius,2
philosophiae,2
undermines,2
foothold,2
opera,2
designatings,2
aided,2
foolishness,2
colonists,2
fontana,2
fondness,2
colonus,2
operativeness,2
traffic,2
wisely,2
polygamous,2
solipsistic,2
focusses,2
polyhedra,2
curing,2
offs,2
foam,2
trailers,2
fness,2
thickness,2
flèche,2
undergoing,2
figuring,2
collections,2
afternoons,2
phillips,2
compellingly,2
fate,2
undefined,2
compensatory,2
philebus,2
theoretic,2
farbe,2
determinism,2
originated,2
theorems,2
fanatical,2
prichard,2
poorer,2
familiarity,2
originator,2
competitors,2
uncritical,2
falsify,2
trans,2
compiling,2
detract,2
sponge,2
speeches,2
compelled,2
commentaries,2
curb,2
commercialisation,2
spatially,2
fifty,2
commercially,2
detection,2
commissioned,2
commissioners,2
printers,2
specialise,2
committal,2
speciality,2
fertile,2
specifies,2
wither,2
felling,2
abused,2
feldman,2
specious,2
undercuts,2
ordre,2
withheld,2
spectre,2
compel,2
colonial,2
focused,2
forbidding,2
desargues,2
smiths,2
threatens,2
alf,2
cognitio,2
winners,2
damns,2
forwardly,2
winning,2
traded,2
forbiddings,2
fortuitous,2
socio,2
alcibiades,2
daily,2
proc,2
cohen,2
snuff,2
coincided,2
czardas,2
descriptively,2
soc,2
socialized,2
foyer,2
smikrion,2
fragmente,2
fragrance,2
slate,2
depictions,2
alienans,2
coexisted,2
fricka,2
coexistence,2
dare,2
pole,2
coexisting,2
slogans,2
freezing,2
freeze,2
professions,2
slt,2
deploying,2
undisturbed,2
frederick,2
oligarchy,2
poles,2
cogent,2
deprivation,2
cynic,2
fortunately,2
treachery,2
deserting,2
foremost,2
forge,2
abstractly,2
aircraft,2
opener,2
foregoing,2
forgeries,2
sodium,2
underwent,2
collecting,2
forever,2
ajax,2
solicited,2
portunitate,1
pmn,1
ponens,1
postpones,1
plotinus,1
plug,1
reaffirming,1
vult,1
yoked,1
politeness,1
raz,1
polish,1
positional,1
posthumous,1
pno,1
voting,1
polished,1
polls,1
waiver,1
reapplies,1
postulates,1
reaffirmed,1
zele,1
pna,1
polvo,1
vérités,1
rebirth,1
porno,1
pneumonia,1
positionless,1
reasserts,1
realizes,1
rebuttals,1
vowels,1
zest,1
pools,1
waiter,1
êof,1
recalcitrance,1
poitiers,1
ybe,1
yielded,1
éternelles,1
yearning,1
portion,1
plumber,1
poems,1
realises,1
popularly,1
zionism,1
reallocation,1
politique,1
youths,1
zealots,1
élitist,1
realizations,1
pornographiques,1
recapitu,1
popularized,1
poets,1
zealotry,1
polytheistic,1
ythat,1
voyeurism,1
reassert,1
voyeurs,1
posits,1
êcomes,1
yare,1
reappearance,1
zoning,1
plugging,1
reacted,1
reasonless,1
pompous,1
rebuild,1
pores,1
évidens,1
reburied,1
recaptured,1
posterity,1
possessive,1
reactive,1
pollot,1
posteriority,1
voyeuristic,1
poinf,1
reaffirms,1
quiescent,1
postulation,1
raven,1
professionally,1
pun,1
punching,1
producers,1
producer,1
prodigious,1
procreator,1
proclaimed,1
wells,1
proclaim,1
procession,1
punitive,1
puns,1
purchase,1
probative,1
pulos,1
pulls,1
proffer,1
winding,1
werther,1
publicans,1
prohaireseos,1
prohaireseo,1
progresses,1
publishes,1
windscreen,1
proffered,1
winged,1
pulcinella,1
weltauffassung,1
programming,1
profits,1
profitmaking,1
purge,1
probabilistic,1
winningly,1
weaves,1
prisoner,1
withdrew,1
puter,1
puu,1
pxd,1
pxx,1
pxz,1
witchcraft,1
primitiveness,1
weary,1
pyrrhonianly,1
pyrrhonians,1
primitively,1
primate,1
wehrmacht,1
pushes,1
wins,1
puritanical,1
purification,1
purifications,1
probabilified,1
purist,1
weighty,1
wipe,1
purporting,1
wit,1
wiser,1
purposively,1
pursual,1
purview,1
wissenschaftliche,1
privilege,1
willis,1
puberty,1
ptolemy,1
pronouns,1
whitrow,1
propagating,1
proven,1
propaganda,1
proverbial,1
providers,1
whim,1
protons,1
pronouncements,1
pronounceable,1
province,1
proneness,1
promulgating,1
promulgated,1
whiter,1
propagation,1
wherein,1
proseipein,1
whirl,1
proprietor,1
propre,1
prosecutor,1
propounded,1
proportionate,1
propensity,1
protestors,1
propelling,1
prostitute,1
whims,1
protagorean,1
protestantism,1
protestants,1
promptings,1
whereabouts,1
willans,1
projective,1
psychoanalyst,1
whale,1
psycholinguistic,1
prolix,1
proliferation,1
proliferate,1
wielded,1
votes,1
projecting,1
psychopathically,1
prohibitive,1
westphalia,1
westerns,1
psychosis,1
widowed,1
psychical,1
whittled,1
provoked,1
provinces,1
whoknows,1
wheel,1
provocation,1
wholesale,1
wheedling,1
prompt,1
psychiatry,1
wholesalers,1
whales,1
prudentially,1
prudently,1
wholesome,1
prés,1
primae,1
wits,1
pricks,1
randomization,1
rainbow,1
warrants,1
rains,1
ramblers,1
ramifications,1
precensoring,1
precedents,1
raiffa,1
wrhich,1
warmly,1
ware,1
wander,1
ranking,1
prearranged,1
railroad,1
raided,1
walzer,1
radiation,1
wrapping,1
wrecking,1
warst,1
wrestle,1
wars,1
racket,1
radicalization,1
rages,1
radicalize,1
precondition,1
wretchedly,1
precondi,1
precluded,1
precipitation,1
praying,1
wthich,1
predicated,1
pounds,1
rationaliser,1
powdered,1
pow,1
pourquoy,1
wakes,1
pouring,1
waiving,1
poêle,1
rationalizer,1
xiv,1
rationalizes,1
xvi,1
rationes,1
xxvi,1
powering,1
practicalities,1
raphael,1
walkers,1
walls,1
wttfi,1
raptly,1
walks,1
walkiire,1
wäre,1
pragmatist,1
rationalisations,1
rarer,1
rashly,1
walked,1
ratings,1
ratiocinative,1
walewska,1
rachels,1
wrappers,1
pyrrhonist,1
preponderance,1
quantitatively,1
quarrelling,1
prescribing,1
quarries,1
prescientific,1
quasithought,1
quasithoughts,1
wolstenholme,1
woodenness,1
prepares,1
wcrtheimer,1
quent,1
quentin,1
woods,1
womb,1
quantifier,1
preoccupied,1
pyz,1
pythag,1
previewing,1
pythagoras,1
witticisms,1
prevalence,1
pretension,1
woken,1
presump,1
presuppositionless,1
qne,1
presuppositional,1
quaintly,1
qualitatively,1
presumptions,1
preoccupy,1
wool,1
wrap,1
predominance,1
prefaced,1
preemptive,1
preeminent,1
quintessence,1
worties,1
predominated,1
quizer,1
quietude,1
predispositions,1
waverer,1
predictor,1
watertight,1
quo,1
quod,1
worshipping,1
quietly,1
worded,1
prejudicial,1
questioners,1
premiums,1
wording,1
premiership,1
workman,1
premature,1
queue,1
quietist,1
qui,1
wayout,1
worldwide,1
quibble,1
quid,1
worms,1
widened,1
roughest,1
vortices,1
staged,1
stained,1
stairway,1
staking,1
stale,1
stalks,1
staple,1
stardom,1
unconsciousness,1
stark,1
stars,1
static,1
unconditional,1
unconccived,1
statically,1
uncommon,1
uncombinable,1
uncoerccd,1
uncoding,1
uncle,1
unchecked,1
statistically,1
unchastity,1
statue,1
statues,1
unchangeably,1
unchallenged,1
unchallengeable,1
stave,1
uncertainly,1
staging,1
uncontentiously,1
ulm,1
stabilised,1
speechacts,1
spender,1
undefinedly,1
spheres,1
undecidability,1
spilt,1
spinach,1
spinozism,1
spiral,1
spiritualism,1
spiritualist,1
spite,1
splitting,1
spokesmen,1
sponging,1
sponsors,1
uncreative,1
uncowed,1
spots,1
spreading,1
uncovenanted,1
spume,1
spurs,1
uncooperative,1
squared,1
squares,1
unconventional,1
squeeze,1
stabilisation,1
uncaused,1
steadfastness,1
uncashable,1
uncancelled,1
storyrelative,1
stough,1
stout,1
stove,1
strachey,1
straightaway,1
stranded,1
unanalyzed,1
strangers,1
stravinsky,1
unamiably,1
stream,1
streets,1
unalterable,1
strengthens,1
unaffected,1
stretching,1
stricter,1
unadmirable,1
unaccommodating,1
strictest,1
unacceptably,1
stricture,1
strictures,1
stride,1
umbrage,1
strident,1
uman,1
stripped,1
storage,1
stony,1
stonily,1
stifling,1
unblinkingly,1
unblinking,1
unbelieving,1
unawareness,1
steeply,1
stemming,1
unavailable,1
unavailability,1
unattainable,1
stereotype,1
sterile,1
unassimilated,1
unashamedly,1
stigma,1
unanswerably,1
stimulate,1
stimulates,1
unashamed,1
stinking,1
stipendiary,1
stipulate,1
stirred,1
stocked,1
stockings,1
stodgy,1
stomach,1
unappetizing,1
unanswered,1
speculated,1
undercover,1
speciously,1
slumped,1
unerring,1
unequivocal,1
unequallyby,1
sinecures,1
sinful,1
singleminded,1
singularly,1
sinking,1
sional,1
sions,1
sisters,1
sisyphe,1
sitized,1
sively,1
uneducated,1
sized,1
skein,1
skeins,1
undue,1
skorupski,1
slaves,1
sleepwalkers,1
undo,1
slf,1
slides,1
slighter,1
slippage,1
slipped,1
slower,1
simulacra,1
simpliste,1
unexamined,1
sideline,1
shrine,1
shrink,1
unfolded,1
shrouded,1
shun,1
shunned,1
shunning,1
unflagging,1
unfanatical,1
sible,1
sibling,1
sick,1
sideboard,1
sidesteps,1
simplify,1
sidgwickian,1
siding,1
sidney,1
sighest,1
unfalsifiable,1
signal,1
significances,1
unexplanatory,1
signifying,1
signpost,1
similitude,1
simples,1
unexciting,1
slowly,1
smack,1
undercut,1
smacks,1
solilo,1
understandings,1
understandable,1
solitudinem,1
soluble,1
solzhenitsyn,1
sombre,1
somnolence,1
underlines,1
sophistical,1
underlay,1
sophoclean,1
sorabji,1
undergrowth,1
sorrowful,1
sorrows,1
sorted,1
soundest,1
sounding,1
sour,1
sovereign,1
spade,1
spans,1
sparing,1
sparta,1
spate,1
spattered,1
underdescribe,1
undercutting,1
solids,1
solidly,1
understate,1
snatches,1
undistinguished,1
smells,1
smelt,1
undesired,1
smiling,1
smoke,1
undesirably,1
undesirability,1
smother,1
smuggled,1
snail,1
snaresbrook,1
undeserving,1
sniffing,1
understatement,1
underwritten,1
socialising,1
socialstructure,1
societal,1
sock,1
socratism,1
underwrite,1
sofider,1
softer,1
soil,1
undervalue,1
solicits,1
solider,1
stripping,1
ugliness,1
vortex,1
transformation,1
termed,1
terrified,1
territorial,1
tert,1
teutonic,1
teutono,1
textbooks,1
tfe,1
tfeel,1
transeunt,1
thank,1
thar,1
transcultural,1
transactional,1
theft,1
thenceforth,1
tramp,1
trajectory,1
theoria,1
trains,1
therein,1
therelation,1
thermonuclear,1
thersitcan,1
thersitean,1
thetoric,1
thirsty,1
trail,1
thou,1
tenta,1
tensed,1
strive,1
tendentiously,1
tastelessness,1
tatcst,1
tautological,1
tavistock,1
taws,1
transubstantiation,1
teaches,1
tedium,1
transpositions,1
teenagers,1
transposed,1
teens,1
teins,1
telegraphic,1
teleion,1
teleiotaton,1
teleioteron,1
teleology,1
temperance,1
temperature,1
tempests,1
transparency,1
temples,1
transmogrified,1
transmits,1
tempts,1
tenable,1
transitional,1
transgressed,1
tradi,1
trades,1
thoughtful,1
trader,1
tinker,1
touchy,1
tinkering,1
tionem,1
tottenham,1
tired,1
tireless,1
totalling,1
totalistic,1
tive,1
tlrab,1
tlrba,1
tlta,1
tlz,1
torpor,1
tobacco,1
tornaremos,1
todhunter,1
toiler,1
tokenreflexives,1
torment,1
topical,1
tom,1
tons,1
tomb,1
tombstone,1
tommy,1
tones,1
tongue,1
timon,1
timetable,1
timelimits,1
track,1
thousands,1
thracians,1
thrasymachean,1
tradeoffs,1
tradeoff,1
tracts,1
threatened,1
threefold,1
threshold,1
threw,1
thriving,1
tractable,1
tracked,1
throat,1
timelessly,1
throngs,1
thrusting,1
tht,1
thy,1
toy,1
towns,1
tically,1
towers,1
tours,1
tour,1
tidy,1
toulouse,1
tightened,1
trappings,1
tarmac,1
tantamount,1
superstitions,1
tun,1
successor,1
tums,1
succint,1
succumbs,1
tumn,1
tuming,1
sufficing,1
suflfering,1
suited,1
sumbeb,1
tude,1
summarising,1
truthfully,1
truthcentred,1
sundays,1
sunlight,1
trustworthy,1
sunt,1
trunk,1
supererogation,1
supererogatory,1
superfluous,1
superimposed,1
superintendents,1
truman,1
trop,1
superman,1
trompe,1
subvert,1
subversion,1
subventions,1
subordinated,1
structuring,1
ubiquity,1
stump,1
tzere,1
subdued,1
tzat,1
tyrants,1
subjecting,1
subjectpredicate,1
subjugation,1
tyne,1
tynan,1
tying,1
tycho,1
subvention,1
subparagraph,1
twist,1
subscription,1
twilight,1
subsidising,1
substantiation,1
substitut,1
turm,1
tuning,1
tunic,1
subtler,1
subtlest,1
subtracted,1
superseded,1
suppes,1
tant,1
supplies,1
triangles,1
symmetrically,1
sympathetically,1
trespassing,1
tres,1
trendy,1
synchronously,1
syndicates,1
synonymy,1
syntactical,1
synthesiser,1
synthesizing,1
treasures,1
systematisers,1
tread,1
système,1
sçavoir,1
séances,1
tackled,1
tackling,1
treacherous,1
tactful,1
tactile,1
tactual,1
taggart,1
tails,1
trdgico,1
tangent,1
tangled,1
symbols,1
tribalist,1
tribe,1
survivor,1
trivialize,1
trivialities,1
trivialised,1
supremely,1
surfaced,1
surfaces,1
surmise,1
surrogates,1
tripped,1
triple,1
surrounds,1
tripe,1
survivals,1
susan,1
swithinbank,1
trimmings,1
suspecting,1
suspiciousness,1
suth,1
sweat,1
triggers,1
swedish,1
tricky,1
sweet,1
tricks,1
tricked,1
swindle,1
swinging,1
showman,1
shouts,1
shoulders,1
vegetableness,1
repose,1
repository,1
repr,1
reprehensible,1
vatican,1
vastness,1
repressed,1
reprimands,1
variants,1
reproached,1
reproaches,1
reproducible,1
variably,1
reproduction,1
reproductive,1
reproof,1
republication,1
repudiate,1
vapour,1
vantage,1
requests,1
requiries,1
requisite,1
rescue,1
rescued,1
valuations,1
valuational,1
resent,1
reserves,1
vegetable,1
reportedly,1
unforgettably,1
replaces,1
rent,1
renters,1
verge,1
verficationism,1
renton,1
reopens,1
reorganise,1
verdical,1
reorganised,1
reorganising,1
repair,1
repaired,1
repairs,1
reparation,1
reparatory,1
verbs,1
repealed,1
ventures,1
venice,1
vellow,1
vel,1
repelled,1
repellently,1
repercussions,1
repetitions,1
repine,1
repiy,1
vein,1
vegetarian,1
reserving,1
residence,1
validates,1
resident,1
resubmitted,1
resultants,1
usable,1
resumes,1
resuscitated,1
resuscitation,1
urgencies,1
upward,1
upturn,1
rethinking,1
rethought,1
reticent,1
retires,1
retort,1
ups,1
uphold,1
uphill,1
retrieve,1
upheld,1
revamped,1
upheaval,1
unwritten,1
unworthiness,1
unwittingly,1
revisionary,1
revisited,1
revisonary,1
revivals,1
revoked,1
restructure,1
restricts,1
uselessness,1
resorting,1
residents,1
residue,1
valiant,1
vagabond,1
resoluble,1
vacation,1
resolver,1
vacant,1
utterers,1
resonance,1
utrecht,1
resonances,1
utopians,1
utmost,1
restored,1
respectful,1
respective,1
utilitymaximizer,1
respiro,1
responded,1
utilising,1
uterine,1
utamaro,1
responsa,1
usher,1
responsiveness,1
restating,1
restitution,1
renouvier,1
rennes,1
renewing,1
regions,1
vitalistic,1
vit,1
visualisers,1
reductionists,1
redundancy,1
reel,1
reelings,1
rees,1
visits,1
referringly,1
refine,1
visions,1
refines,1
virtous,1
reflectiveness,1
violet,1
reformed,1
refracted,1
refractory,1
refrainings,1
vimaginaire,1
villagers,1
vigilance,1
regained,1
regains,1
regardingthem,1
regency,1
regeneration,1
regenerative,1
vitellion,1
redolentibus,1
redescribe,1
voet,1
vorsokratiker,1
reclining,1
vor,1
recollect,1
recollected,1
recollecting,1
recollects,1
recommandée,1
recompense,1
reconcilable,1
voluminous,1
volatile,1
voilà,1
reconsidering,1
redefine,1
reconstitute,1
reconstructing,1
recoup,1
viète,1
recoverable,1
vivir,1
recreations,1
recriminations,1
rectifications,1
rectified,1
viva,1
rector,1
recurs,1
viet,1
registration,1
renewed,1
regressing,1
releases,1
relegate,1
verum,1
vertuntur,1
relegated,1
relegates,1
relegating,1
relic,1
verses,1
relics,1
relieve,1
relieving,1
versed,1
versa,1
vernacular,1
reminisce,1
reminiscence,1
reminiscent,1
reminiscing,1
remnant,1
remodel,1
remodelling,1
vermeer,1
veritate,1
removable,1
renamed,1
verificationists,1
renati,1
rendering,1
relaxing,1
vestidos,1
vestigially,1
reinterpreted,1
vie,1
regrettably,1
regretting,1
regularities,1
regularity,1
vida,1
victories,1
reid,1
reidentifying,1
victor,1
reinstate,1
reinstated,1
victimless,1
reintroduce,1
relax,1
reintroduces,1
reipsa,1
reissued,1
reiterates,1
reiteration,1
rejections,1
vexation,1
rejoin,1
rekindled,1
relapse,1
relativised,1
vet,1
relativizes,1
revulsion,1
unwinding,1
unwelcome,1
senselessness,1
season,1
seasoned,1
sebond,1
secada,1
secluded,1
seconds,1
secretariat,1
sects,1
unmediated,1
unmasked,1
unmanageably,1
securely,1
sedition,1
seditious,1
seduction,1
unliveable,1
seedy,1
seesawing,1
seiior,1
unlicensed,1
unleashed,1
unjustify,1
selber,1
unjustifiably,1
unjustifiable,1
selfaddressed,1
selfcontradiction,1
univocally,1
semblance,1
searches,1
searcher,1
unmodified,1
scores,1
schematised,1
schenck,1
schoolboy,1
schooled,1
schooling,1
schopenhaucrian,1
schriften,1
unoriginal,1
schurmann,1
scientistic,1
sclf,1
scm,1
scntimicnto,1
scorn,1
sealed,1
scrapped,1
screened,1
screening,1
scribe,1
script,1
scripture,1
scruples,1
scrupulously,1
unmoved,1
scrupulousness,1
unmotivated,1
sculptures,1
scythians,1
universalizability,1
sensence,1
unpalatableness,1
sentenced,1
unifying,1
shalt,1
shamanistic,1
unidentified,1
shamed,1
unideal,1
shamelessly,1
unicorns,1
shapeliness,1
shaping,1
unhesitatingly,1
unhealthy,1
shattering,1
shaw,1
shear,1
shedding,1
unguarded,1
shelf,1
shells,1
sheltered,1
shelved,1
shielded,1
shirt,1
shoe,1
shooting,1
shore,1
shortcoming,1
unformulated,1
unforgotten,1
unillumin,1
shady,1
unilluminating,1
seu,1
sentencing,1
universalisability,1
sentimentally,1
sentimus,1
uniting,1
uniqueness,1
seqq,1
sequitur,1
uninvited,1
servant,1
unintuitive,1
sessions,1
settles,1
seventy,1
shadowed,1
sever,1
unintellectual,1
severer,1
sexes,1
uninhibited,1
uninformed,1
unin,1
unimpressed,1
unimpeded,1
sexy,1
sga,1
sgx,1
shackleton,1
schemas,1
scheherazade,1
unwatchably,1
réussie,1
unsettle,1
unselfconscious,1
rogue,1
rolling,1
rom,1
rored,1
unsafe,1
rossi,1
rotary,1
rotten,1
rougher,1
unrewarding,1
roulette,1
unrestrained,1
royally,1
royaumont,1
royce,1
rubbing,1
rude,1
rudiments,1
rueful,1
ruin,1
rum,1
unresting,1
unresolvable,1
rural,1
unrepresentative,1
unreported,1
unrepentant,1
robinsons,1
robespierrean,1
unstuck,1
rift,1
rewarded,1
rework,1
unwastefully,1
rewriting,1
rhodes,1
rib,1
unwary,1
richest,1
richness,1
ridden,1
riddling,1
rider,1
unwarranted,1
rigging,1
unsubstantiated,1
unthought,1
righteousness,1
unthinkingly,1
untensed,1
ripe,1
rises,1
unsystematic,1
riskier,1
unsure,1
rivals,1
unsuitability,1
unsuccessfully,1
roads,1
ruthlessly,1
rôle,1
unpermitted,1
rôles,1
samos,1
unquantifiable,1
samples,1
samurai,1
san,1
sanctity,1
sanctuary,1
sand,1
sanely,1
sanno,1
sappiness,1
sarcastic,1
sarcastically,1
sat,1
satiation,1
unprepares,1
saturation,1
satyr,1
savagery,1
scandal,1
scapegoat,1
scare,1
unpredictable,1
unpleasantness,1
unpleasantly,1
unphilosophical,1
sceptically,1
sceptiques,1
unpersuaded,1
unquestioning,1
salva,1
salutes,1
sadomasochistic,1
sackcloth,1
unrelievedly,1
sacrament,1
sacraments,1
unreliably,1
sacrificeable,1
unreliability,1
unregulated,1
sacrificed,1
saddening,1
saddled,1
sade,1
sadist,1
unreasonedly,1
salut,1
safely,1
safest,1
sages,1
unreason,1
saggiatore,1
sahara,1
sainte,1
saintliness,1
sakratiker,1
unravelled,1
unravel,1
salient,1
salles,1
aappiness,1
kacts,1
pleonasm,1
dependences,1
descends,1
derivations,1
derangements,1
deracinated,1
depression,1
depraved,1
deploys,1
deployments,1
deontological,1
desen,1
deontically,1
deo,1
density,1
dense,1
dennett,1
den,1
demystifying,1
demoralisation,1
descent,1
desensitisation,1
deterring,1
detachable,1
determinedly,1
determinateness,1
deterioration,1
detention,1
detects,1
detective,1
detaining,1
detaches,1
despoiling,1
desensitised,1
desirous,1
desirer,1
desireindifference,1
designs,1
designers,1
designedly,1
designate,1
deserter,1
demonstrating,1
demonstrates,1
demolition,1
deflation,1
deification,1
dehumanizing,1
degrade,1
degeneration,1
defusers,1
defrauding,1
deformed,1
deflect,1
defissing,1
demi,1
definiteness,1
defile,1
defer,1
defeatist,1
defeatingness,1
defeatingly,1
deer,1
deepening,1
deism,1
deist,1
deity,1
del,1
demeanour,1
demea,1
demar,1
delusory,1
delusive,1
deludes,1
delphi,1
delivering,1
deliverances,1
delin,1
delimiting,1
delimitation,1
delights,1
delightful,1
delicious,1
delicate,1
deliberating,1
determinist,1
detractors,1
deductively,1
discreetness,1
disheartening,1
disgusts,1
disgusted,1
disguising,1
disembodiedly,1
disembarrasses,1
discussible,1
discussable,1
discreetly,1
disingenuity,1
discours,1
discounting,1
discontinuities,1
discomforts,1
disclosed,1
discernibles,1
discernible,1
discernement,1
dishonourably,1
disingenuousness,1
detroit,1
disparities,1
disputer,1
disprove,1
displeased,1
displacements,1
dispersal,1
dispensing,1
dispensation,1
dispensable,1
disorientation,1
disjointness,1
disobligingly,1
disobliging,1
disobeyed,1
disobey,1
dismembering,1
dismal,1
dislocation,1
disliked,1
discerned,1
disapproval,1
disappointing,1
dich,1
differentiated,1
differentials,1
diderot,1
dictatorial,1
dictation,1
dictating,1
dick,1
dichotomies,1
dice,1
disappoint,1
diaz,1
dianometoo,1
dianomargument,1
diameter,1
dialectically,1
diagnosibly,1
devious,1
deviancy,1
diflferent,1
dig,1
diges,1
digger,1
disanalogies,1
disagreed,1
dis,1
direst,1
directory,1
direc,1
dinet,1
dilute,1
dilate,1
dilapidated,1
dikshoorn,1
dikawsyne,1
dikaiosun,1
dijksterhuis,1
dignify,1
dignifies,1
dignified,1
deeds,1
ded,1
plenum,1
copernicus,1
corporeally,1
cordemoy,1
cord,1
cor,1
copywriter,1
copying,1
copulating,1
coping,1
cop,1
corpse,1
coordination,1
coordinated,1
cooperation,1
cooperating,1
cooperates,1
convincedly,1
converts,1
convertidos,1
corps,1
corrections,1
counterweights,1
couldn,1
countersuggestible,1
counters,1
counterpoint,1
counterpart,1
counterfeiting,1
counterbalance,1
countenance,1
councillors,1
costume,1
corrida,1
costly,1
costed,1
cosmologists,1
cosmologies,1
cosmogony,1
corruptio,1
corroborative,1
corroboration,1
conversationally,1
convened,1
controversially,1
consonant,1
consulted,1
consultations,1
construes,1
constitutively,1
constellation,1
constantine,1
constancy,1
conspicuum,1
console,1
controller,1
consignments,1
consigning,1
conserving,1
conserves,1
conserva,1
consequents,1
consented,1
consciousnesses,1
consulting,1
contagion,1
contaminating,1
contemplate,1
contriving,1
contrives,1
contributory,1
contre,1
contravened,1
contradictories,1
contractor,1
contraceptives,1
contraceptive,1
contour,1
continually,1
continua,1
contiguous,1
contestable,1
contest,1
contentless,1
contented,1
counterweighted,1
cousin,1
decoration,1
cynics,1
davey,1
darkened,1
dans,1
danes,1
damning,1
damned,1
damn,1
dab,1
cycles,1
daytime,1
cxplanandum,1
customary,1
curves,1
curtains,1
curtail,1
cured,1
curbed,1
cups,1
daylight,1
daß,1
covenant,1
deceptive,1
decorated,1
declining,1
declarations,1
declaimed,1
decisiveness,1
decisively,1
decipherment,1
deciduous,1
deceitfully,1
deaf,1
decayed,1
decades,1
debates,1
debars,1
debar,1
deaths,1
deathly,1
dearest,1
cup,1
cunning,1
culpably,1
crawford,1
criminalise,1
crim,1
creole,1
creedon,1
creatordom,1
creatively,1
creations,1
creates,1
craven,1
culmination,1
cranky,1
cranks,1
cranium,1
cranes,1
crammed,1
craig,1
craftsman,1
cracks,1
criminality,1
criminology,1
crippen,1
crippled,1
culminating,1
culled,1
cubria,1
cubes,1
créance,1
cruel,1
crsonalityt,1
crowned,1
crowded,1
croton,1
crosses,1
cropping,1
crombie,1
critias,1
criterially,1
crisp,1
cripplingly,1
disqualifies,1
disquietingly,1
disquisitio,1
exa,1
excellencies,1
exceeds,1
exceeded,1
excavator,1
excavations,1
exacts,1
exactness,1
exacted,1
ewald,1
excesses,1
evidentissimè,1
evidenced,1
eventmemory,1
evening,1
evel,1
eve,1
evaporating,1
evans,1
excepts,1
exchanging,1
experimented,1
exhibitor,1
expenditure,1
expels,1
exorcise,1
existentially,1
existences,1
existe,1
exigencies,1
exhorted,1
exhibitionism,1
excised,1
exhibiting,1
exhausts,1
exhausted,1
exerted,1
exemplar,1
exegetical,1
excruciatingly,1
excrescence,1
evangile,1
evanescent,1
evaluatively,1
erected,1
errs,1
erred,1
err,1
erotically,1
erosion,1
erogatory,1
ernst,1
ernest,1
erasmus,1
evaded,1
equivalents,1
equivalences,1
equipment,1
equalled,1
equalize,1
epsom,1
epigrams,1
epieiks,1
esperanto,1
esperanza,1
espoused,1
essais,1
euthyphro,1
euthydemus,1
euclidian,1
etymologically,1
etna,1
etiquette,1
ethnic,1
ethically,1
ether,1
eth,1
estranged,1
estin,1
estimation,1
estimated,1
estamos,1
essentials,1
essentialist,1
expensive,1
explanandum,1
disregarded,1
fathomability,1
feind,1
fed,1
fearful,1
fcrsonality,1
favor,1
faut,1
faulkner,1
fatuous,1
fathom,1
fellowship,1
fatal,1
fastidious,1
fasten,1
fashions,1
fascist,1
fascism,1
fascinatedly,1
farmers,1
felix,1
feminist,1
explications,1
fiercely,1
finer,1
fined,1
fin,1
filtered,1
filter,1
fiigtest,1
figuratively,1
fig,1
fiendish,1
fend,1
fideistic,1
fide,1
fia,1
fhilonous,1
fever,1
feudal,1
fetters,1
ferret,1
farfit,1
fantasied,1
fancifully,1
extirpate,1
extremity,1
extremities,1
extremer,1
extrapolating,1
extrapolate,1
extorts,1
extorted,1
extols,1
externalities,1
fancies,1
externalised,1
extents,1
extensionless,1
extensionally,1
extensible,1
expositions,1
exploratory,1
explora,1
extrude,1
eyeballs,1
faciam,1
facilitate,1
fanatically,1
familiarize,1
familiarise,1
famac,1
falsification,1
fallout,1
fallible,1
fallibilist,1
fallibilism,1
fallacious,1
faked,1
fairytale,1
fafon,1
fades,1
factum,1
factory,1
faciunt,1
epieikes,1
ephesus,1
enzymes,1
drunkenness,1
dum,1
dulled,1
duchess,1
duc,1
dubitationes,1
dubitable,1
dryness,1
drying,1
droughts,1
duplicated,1
drought,1
dropsy,1
drops,1
drones,1
drinkers,1
dressing,1
dreadfully,1
draughts,1
dumpty,1
duplication,1
envisaging,1
earnings,1
edifactious,1
ectoplasmic,1
eclectic,1
ecclesiastics,1
eccentrics,1
eccentricity,1
eases,1
ears,1
earnest,1
durkheim,1
député,1
décolletage,1
dysfunction,1
dynastic,1
dynamics,1
dyck,1
dwell,1
dusaphaireton,1
draughtily,1
drafted,1
dozen,1
distorts,1
divi,1
divested,1
divers,1
diverged,1
disvalue,1
disturb,1
distributively,1
distressing,1
distort,1
downwards,1
distanced,1
dissoi,1
dissociating,1
dissipated,1
dissimulations,1
dissenting,1
disrespect,1
disrepair,1
dividing,1
divines,1
divorcing,1
dlffuse,1
downs,1
downing,1
downhill,1
doubling,1
doubled,1
doss,1
doped,1
donor,1
donné,1
donethe,1
dominance,1
domesticated,1
dollars,1
dodge,1
dodds,1
docs,1
docile,1
edmund,1
edwards,1
effectus,1
endurance,1
enhancement,1
engrained,1
englishman,1
englewood,1
engineered,1
engendered,1
enforces,1
energies,1
endoxon,1
empowers,1
endow,1
endorsed,1
endeavor,1
encyclopedia,1
encircled,1
enact,1
emulation,1
emption,1
enjoin,1
enjoined,1
enneads,1
enormity,1
enumerative,1
enumerations,1
entrusted,1
entrenchment,1
entitles,1
enticements,1
entice,1
enthusiast,1
enthusias,1
entertainer,1
enterprising,1
entanglements,1
enslaved,1
ens,1
enrols,1
enriching,1
enriched,1
empt,1
empowered,1
effica,1
eleanor,1
eliminat,1
eliminable,1
eliminability,1
eleventh,1
elek,1
electrons,1
electrode,1
elector,1
elea,1
employments,1
elder,1
elaborating,1
elaborately,1
eikn,1
eignen,1
ehas,1
egregiously,1
egotistical,1
eliminates,1
eliminatory,1
elina,1
elis,1
emphasising,1
empedocles,1
embryologically,1
emblems,1
embed,1
embarrassingly,1
embarks,1
embarking,1
embalmed,1
elzevier,1
eluded,1
elucidation,1
elt,1
elp,1
ellian,1
elle,1
elite,1
consciences,1
conquered,1
connotations,1
assaulted,1
assuré,1
assuaging,1
assertoric,1
assertor,1
asserfed,1
assen,1
assembling,1
assemble,1
assailed,1
astronomers,1
assailants,1
assailant,1
asiatic,1
ascetics,1
ascetically,1
arule,1
artificially,1
articulating,1
astray,1
asylum,1
aulis,1
attendance,1
aufbau,1
attributions,1
attributing,1
attractiveness,1
attested,1
attenuation,1
attentively,1
attentive,1
attaining,1
asymmetrically,1
atrocity,1
ators,1
atomists,1
atomist,1
ation,1
ating,1
athenians,1
ately,1
artemis,1
arrogance,1
arrested,1
appreci,1
approximately,1
approvingly,1
approbation,1
apprenticeship,1
apprentice,1
apprehends,1
apprehend,1
appreciating,1
appraisals,1
arnold,1
appoint,1
appiness,1
appetitive,1
appended,1
appellate,1
appellant,1
appalled,1
apologists,1
approximating,1
arabic,1
arcane,1
arcesilaus,1
armoury,1
arma,1
arithmetical,1
arily,1
aright,1
argur,1
aretai,1
aren,1
areason,1
ardent,1
architectonic,1
arching,1
archimedes,1
archaizing,1
archaism,1
archaeological,1
arch,1
aujbau,1
aunque,1
binkley,1
beckett,1
benedictines,1
bends,1
beliefinducement,1
belgium,1
behaved,1
begehrv,1
bedroom,1
bedevil,1
becalmed,1
benefited,1
beast,1
beaches,1
beachamp,1
bcnn,1
battleground,1
bataille,1
bat,1
baselessness,1
benefaction,1
benevolently,1
aurel,1
beween,1
bilbao,1
bigots,1
bigotry,1
biggest,1
bigger,1
bigamy,1
bigamists,1
bibliographical,1
beware,1
benthamism,1
betting,1
bets,1
bestowed,1
bestial,1
bernal,1
berl,1
berkelian,1
benthamite,1
barriers,1
barcelona,1
barbarism,1
automaton,1
aversive,1
avenues,1
avaux,1
avant,1
avail,1
auxiliary,1
autumn,1
autonomously,1
automatic,1
baptized,1
autocracy,1
authorized,1
authorize,1
authorisation,1
authenticity,1
auta,1
austria,1
austerlitz,1
avidus,1
aving,1
avoidable,1
awe,1
banquet,1
banking,1
bambi,1
ballot,1
ballistic,1
balances,1
bailed,1
bail,1
backsliding,1
backhanded,1
baccalauréat,1
babylonian,1
aztec,1
aypothetical,1
ayet,1
ayatol,1
axiomatized,1
apologie,1
aphorist,1
aphasic,1
administrator,1
adventitiously,1
advantageous,1
advancement,1
adumbrates,1
adorno,1
adolphus,1
adolescence,1
admittance,1
adduced,1
adverbial,1
adduce,1
addressee,1
additively,1
additionally,1
adapts,1
adaptive,1
acuity,1
activist,1
adverb,1
adversus,1
apelles,1
affords,1
aggrieved,1
aggressiveness,1
aggregating,1
agglomerative,1
agglomcrative,1
agathos,1
agatha,1
affronts,1
affording,1
advertises,1
afforded,1
affectionate,1
aesthetics,1
aeroplane,1
aeneid,1
aegis,1
advisers,1
advisedly,1
actiondescriptions,1
acrually,1
acre,1
ably,1
absurdities,1
abstractions,1
abstain,1
absolutism,1
abrogated,1
abridging,1
abreaction,1
abraham,1
abiding,1
acragas,1
abeyance,1
abetting,1
abesse,1
aberrancies,1
abdera,1
abbreviations,1
abbreviation,1
abattoir,1
abuses,1
académie,1
accede,1
accent,1
acquiescent,1
acquiescence,1
acorns,1
acle,1
ackrill,1
acknowledging,1
accustomed,1
accuses,1
accusation,1
accusa,1
acculturated,1
accrue,1
accounting,1
accompaniments,1
accidens,1
acceptances,1
acceptably,1
agitated,1
agnes,1
agnostic,1
anderson,1
angle,1
angeles,1
angela,1
angel,1
anecdotes,1
andy,1
andré,1
andronicus,1
anderes,1
amplify,1
ancilla,1
anchorage,1
anaximenes,1
anamnesis,1
analyst,1
analogically,1
anaclastic,1
ana,1
angst,1
anima,1
animalium,1
animap,1
ants,1
antonioni,1
antonia,1
antoine,1
antisocial,1
anticipations,1
anthropomorphic,1
anthropologist,1
anthropological,1
anselmian,1
anonymous,1
anonymity,1
annum,1
announcements,1
annihilated,1
annexed,1
anjou,1
amusement,1
amplification,1
agonies,1
alexander,1
allos,1
allo,1
alleviated,1
alleges,1
allegation,1
aligned,1
alienate,1
alibert,1
alcohol,1
amoralism,1
akrats,1
aitias,1
aischros,1
aiding,1
agriculturists,1
agricultural,1
agricola,1
agreeably,1
allotted,1
alluded,1
allure,1
aloof,1
amnesiac,1
amiss,1
amersfort,1
amenity,1
amenities,1
amends,1
amending,1
amenable,1
ambiance,1
amazement,1
amazed,1
alvin,1
altitude,1
altering,1
alston,1
als,1
alot,1
bind,1
biochemical,1
conjure,1
clergy,1
clouded,1
closeness,1
clogged,1
clinicians,1
clinically,1
cline,1
clinched,1
cliffs,1
cleland,1
cntfremdet,1
cleaver,1
clearwhat,1
clearheaded,1
cleanly,1
clauses,1
claude,1
clasped,1
clarified,1
clung,1
coal,1
coinstantiated,1
coextensive,1
coincident,1
coincidence,1
cognitionem,1
cogitatur,1
cogitare,1
cogitando,1
cogitandi,1
coffin,1
coerced,1
coalition,1
coerce,1
codifying,1
codes,1
code,1
cocktail,1
cocksure,1
cockaded,1
cochrane,1
clarifications,1
clamping,1
clad,1
chiliagon,1
christmassy,1
christie,1
christiaan,1
christen,1
chopping,1
chop,1
chimpanzees,1
chilly,1
childhood,1
civic,1
childbirth,1
chessboard,1
chercher,1
cheque,1
cheering,1
cheerfiil,1
cheating,1
cheated,1
chronicles,1
chronological,1
chrysanthemums,1
churchy,1
citium,1
citing,1
citation,1
circus,1
circumvented,1
circumstantial,1
circumscribed,1
circulating,1
circulars,1
circuits,1
circuitous,1
circuited,1
circa,1
cious,1
cicero,1
ciba,1
château,1
coincidental,1
coldness,1
birthplace,1
conceptualization,1
conditionals,1
condensation,1
condemning,1
concise,1
conciliate,1
concessionary,1
concermed,1
conceptualizations,1
conceptpossession,1
condoning,1
concemned,1
conceming,1
conatus,1
conarion,1
comte,1
computed,1
computation,1
compulsorily,1
condone,1
conduce,1
cole,1
congeniality,1
conjunct,1
conjunc,1
conjointly,1
conjoin,1
conjectured,1
conjecture,1
congratulatory,1
congratulates,1
conformist,1
conduces,1
conflicted,1
conflation,1
conflate,1
configuration,1
confidently,1
confessedly,1
conduire,1
conducing,1
compulsively,1
compul,1
comprised,1
combin,1
commonest,1
commodity,1
commensurate,1
comme,1
comics,1
comically,1
comfortably,1
comers,1
combating,1
compress,1
column,1
colourless,1
colouring,1
color,1
colophon,1
colonialists,1
colonialism,1
collocation,1
commonwealth,1
communica,1
communicatory,1
communion,1
comprehensibility,1
composition,1
complying,1
complexion,1
completion,1
completes,1
complains,1
complainants,1
compilation,1
competed,1
compete,1
compensating,1
compensates,1
compensated,1
compels,1
compact,1
communists,1
cheat,1
cheaper,1
cheap,1
brackets,1
bribery,1
brian,1
breather,1
bread,1
breaching,1
braybrooke,1
bravos,1
brady,1
boyg,1
britten,1
bovine,1
boutique,1
bourbons,1
bottomless,1
bottle,1
botany,1
botanically,1
boswell,1
brittany,1
broached,1
che,1
brush,1
burns,1
burial,1
burglar,1
burgeoned,1
buisiness,1
buck,1
brutally,1
brutal,1
bruhl,1
broadcast,1
bruce,1
brotherhood,1
bronze,1
bronaugh,1
broker,1
brochures,1
broadside,1
broaden,1
bossuet,1
borth,1
borrowed,1
blest,1
blueprint,1
bloodymindedness,1
bloodied,1
blooded,1
blonde,1
blois,1
bloggs,1
blocking,1
blessed,1
borough,1
blends,1
blaze,1
blasphemies,1
blaming,1
blamed,1
blackmailing,1
blackguard,1
bitter,1
bluntly,1
blurred,1
blushes,1
boards,1
bordering,1
border,1
bootstraps,1
boots,1
boom,1
bonos,1
bonnard,1
bond,1
bona,1
bolts,1
bolsheviks,1
bolshevik,1
bolder,1
bohemia,1
bogus,1
boaster,1
boast,1
burnyeat,1
bursts,1
bury,1
ceaseless,1
ceremony,1
centring,1
centimetre,1
censorious,1
cell,1
celestial,1
celebratedly,1
ceaselessly,1
cds,1
categorysenselessness,1
cbw,1
cavilling,1
cavendish,1
caveat,1
cautiously,1
cation,1
cathedral,1
caterus,1
certify,1
certifying,1
cette,1
chaffering,1
chateau,1
chastity,1
charting,1
charron,1
charitable,1
charioteer,1
chariot,1
charging,1
charactistically,1
charactertraits,1
chandoux,1
chancel,1
champions,1
chambers,1
chamberlain,1
challenging,1
chairmanship,1
caterpillars,1
catalogued,1
buses,1
cactus,1
caldwell,1
calculatively,1
calculates,1
calculate,1
calcu,1
cairns,1
cahiers,1
caen,1
cabbalistic,1
casually,1
cab,1
bérulle,1
bypassing,1
bypass,1
buys,1
butwith,1
buttocks,1
bush,1
california,1
californian,1
calmer,1
camus,1
castle,1
casting,1
cashable,1
cartesii,1
cartes,1
carpet,1
carelessly,1
cards,1
cardinality,1
card,1
carbon,1
captures,1
capriciously,1
capek,1
capability,1
canvas,1
cans,1
finncgan,1
finnegan,1
firstorder,1
miner,1
mischief,1
mirrors,1
miraculous,1
mirabilis,1
minutely,1
ministrations,1
minimizing,1
minimd,1
mime,1
misconceptions,1
millan,1
militarist,1
militarism,1
miletus,1
miles,1
mildred,1
midst,1
meysonnier,1
misconception,1
misdescribe,1
mix,1
misidentifications,1
mitigate,1
mistress,1
mistaking,1
misremembered,1
misquoted,1
misplaces,1
mismatch,1
misleadingness,1
mishearing,1
misdescribes,1
misguidedly,1
misfitting,1
misfits,1
misfit,1
misfired,1
misdirects,1
misdescriptions,1
misdescription,1
mexico,1
mexicans,1
metropolis,1
meat,1
melian,1
meinong,1
meegerens,1
medically,1
mediating,1
mediate,1
mediaeval,1
mechanization,1
measurability,1
methought,1
meaningvariance,1
meaningfulness,1
maze,1
mayx,1
mayo,1
mayfair,1
maximising,1
maximise,1
memoirs,1
memoranda,1
memorandum,1
menace,1
methodologies,1
methodologically,1
meteorology,1
meteorological,1
metaphysicam,1
metaphysica,1
metaphysic,1
metaphorically,1
metaphorical,1
mescaline,1
mescalin,1
merlyn,1
meritorious,1
menu,1
mente,1
ment,1
menschenwerk,1
mitigates,1
mlle,1
napalm,1
morton,1
mover,1
mourelatos,1
moulding,1
motorway,1
motor,1
motivational,1
motifs,1
mossner,1
mortis,1
mozambique,1
mortimorc,1
mortgages,1
mortals,1
mortality,1
morse,1
mors,1
morrison,1
morphism,1
movies,1
muddy,1
mobile,1
mwself,1
naivete,1
naissance,1
nachleben,1
mythe,1
mystifying,1
mystic,1
myopia,1
mycology,1
mvolvement,1
muerte,1
mutilated,1
muted,1
muster,1
muscular,1
mus,1
murders,1
multiplicity,1
multiplication,1
morose,1
morgenbesser,1
moravcsik,1
modus,1
monarch,1
mon,1
momentum,1
momentous,1
molesting,1
molestation,1
molecule,1
moi,1
modis,1
moralize,1
modi,1
modestly,1
moderm,1
modelling,1
modals,1
mockery,1
mochthros,1
mobility,1
monetarily,1
monied,1
monist,1
monitoring,1
moralistic,1
moralise,1
moons,1
monumental,1
montmort,1
montgomery,1
montefiore,1
montanist,1
montanismam,1
montanism,1
monsters,1
monopoly,1
monogamous,1
monochrome,1
monkeys,1
monk,1
monitors,1
mawhinney,1
maturation,1
mating,1
licet,1
lingering,1
lingered,1
limes,1
likened,1
lightning,1
lightened,1
lifeboat,1
lief,1
licensees,1
lips,1
libris,1
libertine,1
libertin,1
liberally,1
liberalization,1
liberalised,1
levy,1
levelling,1
linguist,1
liquefied,1
materialness,1
lodged,1
logos,1
logoi,1
logistically,1
logismos,1
logics,1
lofty,1
loftiest,1
loeb,1
lock,1
liquid,1
locatable,1
localized,1
lobbying,1
lla,1
lix,1
liverpool,1
liv,1
listening,1
leveller,1
leucippus,1
lethal,1
latitude,1
leakage,1
leak,1
league,1
lazy,1
laymen,1
layers,1
lawton,1
lawfulness,1
lating,1
lessened,1
latch,1
larvatus,1
larissa,1
lane,1
landowner,1
landmark,1
laissez,1
laisser,1
leaps,1
learmning,1
leather,1
lecturers,1
leslie,1
lesbian,1
leontius,1
leontini,1
leon,1
lent,1
lends,1
legs,1
legitimisation,1
legitimation,1
legislator,1
legislating,1
legislates,1
legged,1
leges,1
legend,1
legalisation,1
loitering,1
longed,1
longmans,1
mammals,1
manuals,1
manual,1
mans,1
manoeuvrable,1
manipulators,1
manipulator,1
manifesting,1
managing,1
mallon,1
magus,1
malle,1
malingerer,1
malin,1
malgré,1
malaise,1
malae,1
makro,1
makeup,1
marching,1
margaret,1
margin,1
marginally,1
materialists,1
mater,1
matching,1
matched,1
mastery,1
masterpieces,1
mask,1
marvellously,1
marty,1
martial,1
marshalled,1
marriages,1
marras,1
markets,1
marketing,1
marketable,1
maria,1
mailing,1
maggie,1
loom,1
lowered,1
luggage,1
ludicrously,1
ludicrous,1
lucidly,1
luce,1
lsj,1
loyalities,1
lowing,1
lottery,1
mafia,1
loser,1
los,1
lorette,1
loreto,1
lor,1
lope,1
loosening,1
loosen,1
lukes,1
lumped,1
lunge,1
lurk,1
maferopulos,1
maestro,1
madman,1
mackie,1
machiavellian,1
mach,1
macgregor,1
macdonald,1
lytton,1
lyon,1
lxxx,1
lxxii,1
lvii,1
lvi,1
luynes,1
luxury,1
luxurious,1
nakhnikian,1
narge,1
ladenness,1
passmore,1
pattem,1
patrons,1
patronising,1
patrologia,1
pasts,1
pastoral,1
pastime,1
pasta,1
passionless,1
pausing,1
passer,1
partition,1
partisan,1
partir,1
particularised,1
particle,1
participating,1
participates,1
pattemn,1
pca,1
penthouse,1
penalized,1
pension,1
penser,1
pense,1
penology,1
penny,1
penitence,1
penetrate,1
pencils,1
penalising,1
pdd,1
penalises,1
pen,1
pelican,1
pelagian,1
peering,1
pedantically,1
peckham,1
peacefulness,1
parrots,1
parrot,1
parodistic,1
owners,1
painters,1
paint,1
pagan,1
pad,1
packed,1
pacifists,1
pacem,1
owning,1
overtone,1
parmenidean,1
overstep,1
overstates,1
oversimplication,1
oversimple,1
overruling,1
overruled,1
overrule,1
overrode,1
paints,1
paix,1
palatine,1
palpable,1
parler,1
parking,1
parity,1
parhelia,1
parfitian,1
parenthesis,1
parental,1
parent,1
parcel,1
parasite,1
paraphrased,1
paralogisms,1
paradoxicality,1
para,1
par,1
panthéon,1
panel,1
pentagon,1
pentium,1
narrated,1
philosophizing,1
phthenxasthai,1
phrosune,1
phronimos,1
phrasticneustic,1
phrastically,1
photographer,1
photographed,1
phocaea,1
philosophize,1
phusis,1
philosophischen,1
philosophiques,1
philosophiquement,1
philosophia,1
philippa,1
philadelphia,1
phila,1
phantasma,1
phusika,1
picturing,1
perceptio,1
plague,1
pleasing,1
pleaded,1
playmates,1
players,1
platinum,1
planted,1
planned,1
planetary,1
placing,1
piel,1
pkk,1
pièce,1
pitfalls,1
pitfall,1
pitcher,1
pilgrimage,1
pile,1
piety,1
phainomena,1
phaedrus,1
phaedo,1
pernicious,1
persistently,1
persians,1
persian,1
persecutory,1
perpetuating,1
perpetually,1
perpetu,1
perpetrated,1
permeated,1
pets,1
permanency,1
permanence,1
perishing,1
perishes,1
peripherally,1
perilously,1
performers,1
perfectionism,1
persisting,1
personalidentity,1
perspecta,1
perspectival,1
petrarch,1
petition,1
pethaps,1
peters,1
pet,1
peste,1
pessima,1
perversity,1
perversions,1
perversion,1
perturbations,1
pertinet,1
pertinent,1
pertinaciously,1
perthaps,1
pertains,1
persuasively,1
overheated,1
overemphasized,1
overassimilated,1
nonphysical,1
norway,1
normalised,1
norm,1
noownership,1
nooks,1
nonverbal,1
nonuniquely,1
nonquotingly,1
nonempirical,1
notch,1
nondemonstrative,1
nonconform,1
nonconditional,1
nonarbitrarily,1
nonaccidental,1
nomothetes,1
nomothetai,1
nomos,1
nostre,1
notify,1
outward,1
oaths,1
observances,1
obscurantist,1
obscenely,1
obloquy,1
obliquities,1
objectivist,1
objectionableness,1
obediencestatement,1
oakeshott,1
notionally,1
nuremberg,1
nuncio,1
numbing,1
nuisances,1
nuestra,1
nude,1
nucleus,1
notwithstanding,1
nominated,1
nomenclature,1
noisiest,1
neck,1
nest,1
nerlich,1
neque,1
nephew,1
neoplatonist,1
neighbour,1
negligence,1
needle,1
necesssity,1
noises,1
necesssarily,1
nebulous,1
navigation,1
nassau,1
nash,1
narrowing,1
narrowest,1
narrating,1
netherlands,1
netted,1
network,1
neuronal,1
nof,1
nobly,1
nobility,1
nixon,1
nisi,1
nil,1
nihil,1
nicomachea,1
niche,1
nic,1
newsreels,1
newman,1
newest,1
neutralsentences,1
neutrally,1
neutrality,1
neurotically,1
obses,1
obsessed,1
obsessions,1
ordinates,1
originating,1
orientated,1
oriental,1
organizational,1
organising,1
ore,1
ords,1
ordination,1
ordinated,1
opportunistic,1
ordinate,1
ordained,1
oration,1
optimises,1
optimi,1
optimality,1
optatives,1
oppositions,1
origination,1
ormisremember,1
orphaned,1
orphic,1
outrageousness,1
outputs,1
outnumbered,1
outlived,1
outlawed,1
outbid,1
ous,1
ourselve,1
oun,1
ouk,1
otions,1
otherconcern,1
ossified,1
oscar,1
orths,1
orthots,1
orth,1
opposes,1
operationalism,1
obstruct,1
odder,1
ofjust,1
offing,1
officials,1
offensively,1
ofadikia,1
ofa,1
odour,1
odium,1
occurrent,1
oper,1
occupants,1
occupant,1
occasioning,1
occasionalist,1
occasionalism,1
obviousness,1
obtainable,1
obstructing,1
ofpresent,1
oikeion,1
oil,1
ojr,1
opens,1
onslaught,1
onset,1
oniy,1
onesided,1
onesfs,1
omnitemporal,1
omniscience,1
omitted,1
olympus,1
olympian,1
olsonjr,1
olnd,1
olivier,1
oligarchs,1
oldest,1
olafson,1
lah,1
laced,1
fist,1
haloes,1
handicapped,1
handful,1
hamper,1
hammered,1
hamilton,1
hamelin,1
halting,1
halted,1
hallucinogenic,1
handleable,1
haired,1
hacking,1
habitué,1
habituation,1
habitable,1
génie,1
gyges,1
guthrie,1
handing,1
handy,1
harmonizes,1
hardiest,1
harmonization,1
harmonised,1
harmonise,1
harlech,1
harkens,1
harken,1
hardware,1
hardship,1
hardie,1
hanged,1
harbours,1
harassing,1
happiest,1
hanna,1
hankering,1
hangovers,1
hangover,1
hanging,1
gustavus,1
gummy,1
guineans,1
graded,1
gratifying,1
grati,1
graphically,1
graph,1
grams,1
grammatically,1
grain,1
gradings,1
governors,1
guinean,1
governing,1
govemn,1
gough,1
gotten,1
gossip,1
gospels,1
gospel,1
gordon,1
gravely,1
graver,1
greenly,1
greenness,1
guest,1
guessing,1
guesser,1
guardedly,1
guaranteedly,1
grumbling,1
growl,1
groupings,1
grotesqueness,1
grotesquely,1
grosser,1
gripped,1
grim,1
griffith,1
grievances,1
greets,1
greeting,1
harmonized,1
harrassment,1
hook,1
hides,1
hindrance,1
hindering,1
hilum,1
hillel,1
hijacking,1
hijackers,1
hiir,1
highway,1
hideously,1
hipponikos,1
hide,1
hicks,1
hexameters,1
heterogeneous,1
hesitating,1
hesitated,1
hers,1
herring,1
hinted,1
hiscorically,1
harris,1
hobbesianly,1
hon,1
homosexuality,1
homogeneously,1
hominem,1
holmes,1
holier,1
holden,1
hofstadter,1
hoaxers,1
hisf,1
hoardings,1
hmso,1
hive,1
hits,1
hit,1
histories,1
historia,1
histofy,1
herostratus,1
herodotus,1
herman,1
haye,1
heath,1
hearts,1
heartedly,1
heady,1
headline,1
hazily,1
haziest,1
haze,1
havoc,1
hereby,1
havers,1
haven,1
haustible,1
haunted,1
haul,1
hating,1
hasten,1
harsher,1
heathenism,1
heating,1
heavenly,1
heavier,1
hereafter,1
herder,1
heraclitean,1
henri,1
hemi,1
helplessly,1
hello,1
hellenes,1
heis,1
heir,1
heightening,1
heightened,1
heidelberg,1
hegelians,1
hedonist,1
hedonic,1
hector,1
gollancz,1
godet,1
gnats,1
formatively,1
fostered,1
forum,1
fortunes,1
fortifies,1
fortified,1
forties,1
forsake,1
forn,1
formalize,1
founders,1
formalization,1
formality,1
formalities,1
formalist,1
formalised,1
formalisation,1
forlom,1
forgo,1
foucher,1
foxhunting,1
glue,1
freeing,1
freudian,1
fresco,1
frequency,1
frenchmen,1
fregean,1
freewheeling,1
frees,1
freeman,1
franklin,1
foxon,1
frankena,1
francisco,1
francine,1
framing,1
frames,1
fragmentarily,1
fragility,1
fraction,1
forgers,1
forestall,1
forest,1
flemish,1
flitch,1
flirtation,1
flip,1
fliose,1
flinders,1
flies,1
flexibility,1
flew,1
flee,1
foresight,1
flawed,1
flatten,1
fixes,1
fixe,1
fixated,1
fitfully,1
fitfalls,1
fistedness,1
floor,1
flourishing,1
flowed,1
fluctuates,1
foreordained,1
forensic,1
foreigners,1
forecasts,1
forebear,1
forearm,1
forbid,1
footballs,1
football,1
footage,1
follower,1
folk,1
fol,1
foggy,1
foerster,1
fléche,1
flung,1
friction,1
frightful,1
frigidity,1
geology,1
germain,1
geriatric,1
gerhardt,1
geraud,1
georgetown,1
georges,1
georg,1
geometrically,1
geoffrey,1
gellner,1
genus,1
gentleman,1
gentiles,1
geneviève,1
generationem,1
generalizing,1
generalities,1
generalise,1
geschwdtz,1
geschwätz,1
gest,1
ghastly,1
glosses,1
gloss,1
glorify,1
gloomy,1
glittering,1
gliicklichkeit,1
glide,1
glamour,1
glamorous,1
gladness,1
gladly,1
glad,1
gisbert,1
gibe,1
ghosts,1
ghostological,1
ghetto,1
gem,1
geared,1
frincipia,1
fueled,1
furnish,1
funfair,1
funded,1
fund,1
functionalism,1
fullblown,1
ful,1
fuelled,1
fréquente,1
gear,1
frustrate,1
fruitfulness,1
fruit,1
froze,1
fronted,1
fromthe,1
froceedings,1
frobhms,1
furniture,1
furthered,1
fuzzy,1
gallantly,1
gaze,1
gay,1
gauthier,1
gaunilo,1
gathering,1
gatherer,1
gascon,1
garment,1
gardener,1
garde,1
gangsterism,1
gangster,1
gambling,1
gamble,1
galvanise,1
gallery,1
galleries,1
honouring,1
hooke,1
labourer,1
internecine,1
interrupts,1
interruption,1
interrupting,1
interrupt,1
interrelation,1
interrelate,1
interpreter,1
interpretable,1
interlude,1
interstate,1
interferes,1
interestedly,1
interdependent,1
intercultural,1
intercommunicating,1
interchanged,1
interchangeable,1
intercepted,1
interspersed,1
interstices,1
investigator,1
intrapersonal,1
invariably,1
invariable,1
invalidity,1
intuits,1
intuitional,1
intrude,1
introjection,1
introductions,1
intoxicating,1
intervals,1
intonations,1
intonation,1
intolerance,1
intolerably,1
intimacy,1
interviewers,1
interventionist,1
intervenes,1
intercalating,1
intensified,1
intemal,1
inquire,1
insertion,1
inserting,1
inserted,1
insert,1
inseparable,1
insecurely,1
inquisitors,1
inquisitor,1
innovations,1
intelligences,1
innocence,1
innerdirectedness,1
inland,1
initials,1
init,1
inherits,1
ings,1
ingredients,1
insinuating,1
insolence,1
inspect,1
inspects,1
integrant,1
intcrcsted,1
intact,1
insurmountable,1
insupportable,1
instrumentally,1
instructor,1
instruct,1
institutionalization,1
institutionalised,1
instincts,1
instinctively,1
instilling,1
instilled,1
instants,1
instantiae,1
instanced,1
inverse,1
inviolable,1
hooking,1
kahn,1
kata,1
karenin,1
karel,1
karamazov,1
kantianly,1
kalos,1
kaldor,1
kai,1
aappy,1
kathleen,1
justices,1
jurisdictions,1
jupiter,1
joyless,1
jowett,1
journeys,1
josefs,1
jolif,1
katherine,1
kaufman,1
invisibility,1
kitchen,1
laboriously,1
kretzmann,1
kos,1
kolnai,1
koestler,1
koenigsberg,1
knobs,1
kleinian,1
kirkup,1
keisthai,1
kirk,1
kinghood,1
kinematic,1
kills,1
khomeini,1
khaki,1
kermode,1
keitai,1
jointobedience,1
jocular,1
joachim,1
irrationalities,1
islands,1
irrigation,1
irrevocably,1
irreversible,1
irreverent,1
irreparably,1
irreflexive,1
irrecoverable,1
irrationalist,1
jews,1
irish,1
ipso,1
ioo,1
inwards,1
invulnerable,1
involye,1
involuntariness,1
invitingly,1
ism,1
iso,1
isolable,1
isolde,1
jew,1
jettisoned,1
jeopardising,1
jeffrey,1
jebb,1
japan,1
jansenist,1
janitors,1
janacek,1
jammed,1
jamaican,1
jacob,1
itseh,1
itis,1
ities,1
italian,1
istis,1
ingenii,1
infringes,1
informing,1
illuminates,1
imam,1
imaginor,1
imaginings,1
imaging,1
imaginativeness,1
illustrations,1
illustates,1
illusionist,1
illiberalism,1
immeasurable,1
illiberal,1
illegally,1
illegality,1
ihrcm,1
ignoble,1
igitur,1
ifs,1
idols,1
imitate,1
immediacy,1
inflicters,1
impelled,1
impiously,1
impinges,1
impinged,1
impiety,1
impertinently,1
imperial,1
imperceptibly,1
impenetrability,1
impel,1
immensely,1
impatiences,1
impatience,1
imparted,1
impaired,1
immovably,1
immoral,1
imminent,1
immensities,1
idiosyncrasy,1
identifyingly,1
identificationally,1
host,1
hrs,1
howe,1
hover,1
housman,1
households,1
household,1
hottentots,1
hostage,1
horses,1
idee,1
horrors,1
horrify,1
horrified,1
horrific,1
horn,1
hopkins,1
hopelessness,1
hooks,1
humanly,1
humours,1
humpty,1
hung,1
idealizations,1
idealised,1
idb,1
ida,1
iamblichus,1
iam,1
hélène,1
hypostasize,1
hypochrondriacs,1
hypochondriacs,1
hymnologist,1
hygienically,1
hydraulic,1
hyde,1
hutcheson,1
hunter,1
hunt,1
implant,1
implementation,1
implicated,1
indictment,1
inducements,1
individuable,1
indistinguishability,1
indiscriminate,1
indirectness,1
indignity,1
indifferently,1
indifferences,1
indicted,1
incursions,1
indict,1
indicators,1
indicator,1
indicativeness,1
indeterminably,1
indestructible,1
indescribable,1
indehniteness,1
inducing,1
induction,1
indulged,1
indulgently,1
inflatable,1
infective,1
infecting,1
infantile,1
inexpressive,1
inexpressible,1
inex,1
inequity,1
ineptly,1
ineptitudes,1
ineptitude,1
inefficiency,1
ineffectual,1
ineffectiveness,1
industrious,1
indulging,1
indulges,1
indefinable,1
incurring,1
importunate,1
improperly,1
inbuilt,1
inalienable,1
impurities,1
impugned,1
impugn,1
impudently,1
improvisation,1
impropriety,1
imprisoned,1
incurred,1
impressing,1
impracticable,1
impoverish,1
impotent,1
impotence,1
impossibly,1
impossibilities,1
impos,1
incapability,1
inception,1
inch,1
inchoate,1
incurable,1
incumbent,1
inculcates,1
inculcated,1
incorporeal,1
inconsistently,1
inconsiderate,1
inconclusively,1
incomprehension,1
incompetence,1
incomparability,1
incommensurably,1
incoming,1
incoherences,1
inclusive,1
incited,1
incipient,1
œuvre,1
